control_id,property_id,is_key,section,local_description
2,4,1,"Key properties","The Attachment column of the list or Dataverse table. Collections and Tables aren't supported."
2,58,1,"Key properties","The maximum number of files the control accepts."
2,59,1,"Key properties","The maximum allowed file size in MB for each new attachment. 1 MB here is 1,000,000 bytes (10<sup>6</sup> B) or 1,000 KB."
2,60,1,"Key properties","Actions to perform when the user adds a new file attachment."
2,61,1,"Key properties","Actions to perform when the user deletes an existing attachment."
2,62,1,"Key properties","Actions to perform when the user restores a deleted attachment."
2,63,0,"Additional properties","Label for screen readers. Should describe the purpose of the attachments."
2,64,0,"Additional properties","The label text for the link used to add a new attachment."
2,21,0,"Additional properties","The color of a control's border."
2,22,0,"Additional properties","Whether a control's border is Solid, Dashed, Dotted, or None."
2,23,0,"Additional properties","The thickness of a control's border."
2,24,0,"Additional properties","The color of a control's text."
2,29,0,"Additional properties","The color of a control's border if the control's DisplayMode property is set to Disabled."
2,30,0,"Additional properties","The color of text in a control if its DisplayMode property is set to Disabled."
2,31,0,"Additional properties","The background color of a control if its DisplayMode property is set to Disabled."
2,3,0,"Additional properties","Whether the control allows adding and deleting files (Edit), only displays data (View), or is disabled (Disabled)."
2,65,0,"Additional properties","The color of the control's drop target background."
2,66,0,"Additional properties","The color of the control's drop target border."
2,67,0,"Additional properties","Whether the control's drop target border is Solid, Dashed, Dotted, or None."
2,68,0,"Additional properties","The thickness of the control's drop target border."
2,69,0,"Additional properties","The color of the control's drop target text."
2,26,0,"Additional properties","The background color of a control."
2,27,0,"Additional properties","The color of a control's border when the control is focused."
2,28,0,"Additional properties","The thickness of a control's border when the control is focused."
2,42,0,"Additional properties","The distance between a control's top and bottom edges."
2,12,0,"Additional properties","The name of the family of fonts in which text appears."
2,13,0,"Additional properties","The weight of the text in a control: Bold, Semibold, Normal, or Lighter."
2,32,0,"Additional properties","The color of a control's border when the user keeps the mouse pointer on that control."
2,33,0,"Additional properties","The color of the text in a control when the user keeps the mouse pointer on it."
2,34,0,"Additional properties","The background color of a control when the user keeps the mouse pointer on it."
2,14,0,"Additional properties","Whether the text in a control is italic."
2,70,0,"Additional properties","The text that replaces the ""Attach file"" link when the control contains the maximum number of files allowed."
2,71,0,"Additional properties","Informational text shown to the user when there are no files attached."
2,46,0,"Additional properties","The distance between the text on an import or export button and the edges of that button."
2,35,0,"Additional properties","The color of a control's border when the user selects that control."
2,36,0,"Additional properties","The color of text in a control when the user selects that control."
2,37,0,"Additional properties","The background color of a control when the user selects that control."
2,7,0,"Additional properties","Reverts all changes to the attachments control and returns to the previously saved state."
2,15,0,"Additional properties","The font size of the text that appears on a control."
2,16,0,"Additional properties","Whether a line appears through the text that appears on a control."
2,72,0,"Additional properties","Keyboard navigation order in relation to other controls."
2,9,0,"Additional properties","Explanatory text that appears when the user hovers over a control."
2,17,0,"Additional properties","Whether a line appears under the text that appears on a control."
2,11,0,"Additional properties","Whether a control is visible or hidden."
2,44,0,"Additional properties","The distance between a control's left and right edges."
2,40,0,"Additional properties","The distance between the left edge of a control and the left edge of its parent container (or screen, if no parent container)."
2,41,0,"Additional properties","The distance between the top edge of a control and the top edge of the parent container (or screen, if no parent container)."
3,73,1,"Key properties","Whether an audio or video clip automatically starts over as soon as it finishes playing."
3,74,1,"Key properties","An identifier for the clip that an audio or video control plays."
3,75,1,"Key properties","Whether an audio or video player shows, for example, a play button and a volume slider, and a pen control shows, for example, icons for drawing, erasing, and clearing."
3,63,0,"Additional properties","Label for screen readers. Should be the title of the video or audio clip."
3,76,0,"Additional properties","Whether an audio or video clip automatically pauses if the user navigates to a different screen."
3,77,0,"Additional properties","Whether an audio or video control automatically starts to play a clip when the user navigates to the screen that contains that control."
3,21,0,"Additional properties","The color of a control's border."
3,22,0,"Additional properties","Whether a control's border is Solid, Dashed, Dotted, or None."
3,23,0,"Additional properties","The thickness of a control's border."
3,78,0,"Additional properties","Video control only.  URL of closed captions file in WebVTT format.  Both video and captions URLs must be HTTPS. Server hosting both video and captions file needs to be CORS enabled."
3,3,0,"Additional properties","Whether the control allows user input (Edit), only displays data (View), or is disabled (Disabled)."
3,26,0,"Additional properties","The background color of a control."
3,27,0,"Additional properties","The color of a control's border when the control is focused."
3,28,0,"Additional properties","The thickness of a control's border when the control is focused."
3,42,0,"Additional properties","The distance between a control's top and bottom edges."
3,56,0,"Additional properties","The name of the image that appears in an image, audio, or microphone control."
3,57,0,"Additional properties","The position (Fill, Fit, Stretch, Tile, or Center) of an image in a screen or a control if it isn't the same size as the image."
3,79,0,"Additional properties","Actions to perform when an audio or video clip finishes playing."
3,80,0,"Additional properties","Actions to perform when the user pauses the clip that an audio or video control is playing."
3,81,0,"Additional properties","Actions to perform when the user starts to record with a microphone control."
3,82,0,"Additional properties","True if a media playback control is currently paused, false otherwise."
3,7,0,"Additional properties","Whether a control reverts to its default value."
3,83,0,"Additional properties","Whether an audio or video clip plays."
3,84,0,"Additional properties","The time after the start of an audio or video clip when the clip starts to play."
3,85,0,"Additional properties","A media control's current position."
3,72,0,"Additional properties","Keyboard navigation order in relation to other controls."
3,9,0,"Additional properties","Explanatory text that appears when the user hovers over a control."
3,11,0,"Additional properties","Whether a control appears or is hidden."
3,44,0,"Additional properties","The distance between a control's left and right edges."
3,40,0,"Additional properties","The distance between the left edge of a control and the left edge of its parent container (screen if no parent container)."
3,41,0,"Additional properties","The distance between the top edge of a control and the top edge of the parent container (screen if no parent container)."
4,86,1,"Key properties","Output property that contains a table of the barcodes scanned with two columns: Value, and Type. Value is the text value of the code that was scanned, while Type is the type of the code that was scanned."
4,87,1,"Key properties","Actions to perform when a barcode is successfully scanned."
4,88,1,"Key properties","Actions to perform when a barcode scan is canceled by the user."
4,5,1,"Key properties","Actions to perform when a property on the barcode reader control is changed, including output properties."
4,89,1,"Key properties","The barcode type to scan. You can target multiple barcode types by concatenating them. Ex. `'Microsoft.BarcodeReader.BarcodeType'.Code128 & 'Microsoft.BarcodeReader.BarcodeType'.Code39`.  Default: Auto"
4,90,1,"Key properties","Whether to `Automatically scan` the first barcode detected in view, to allow the user to `Select to scan` which of the barcodes in view to scan, or to `Scan multiple` barcodes in a single session. On Windows, the barcode reader will always `Automatically scan`."
4,91,1,"Key properties","The image quality the barcode reader scans at. A higher quality is good for small barcodes, but could lead to slow performance. On Windows, the barcode reader will always scan at the device's camera quality. Default: Automatic."
4,92,1,"Key properties","If enabled the barcode reader will default to using the front facing camera instead of the rear facing camera."
4,93,1,"Key properties","If enabled, the barcode reader will play a beep noise when a barcode is scanned."
4,94,1,"Key properties","If enabled, the barcode reader will vibrate when a barcode is scanned."
4,8,0,"Additional properties","Text that appears on the button that activates the scanner."
4,21,0,"Additional properties","The color of a control's border."
4,22,0,"Additional properties","Whether a control's border is Solid, Dashed, Dotted, or None."
4,23,0,"Additional properties","The thickness of a control's border."
4,3,0,"Additional properties","Whether the control allows user input (Edit), only displays data (View), or is disabled (Disabled)."
4,42,0,"Additional properties","The height of the button that activates the scanner."
4,9,0,"Additional properties","Explanatory text that appears when the user hovers over a control."
4,11,0,"Additional properties","Whether a control appears or is hidden."
4,44,0,"Additional properties","The width of the button that activates the scanner."
4,40,0,"Additional properties","The distance between the left edge of a control and the left edge of its parent container (screen, if no parent container)."
4,41,0,"Additional properties","The distance between the top edge of a control and the top edge of the parent container (screen, if no parent container)."
5,89,1,"Key properties","The barcode type to scan. Supported types: Codabar, Code39, Code128, EAN, I2of5, UPC. Default: UPC"
5,95,1,"Key properties","On a device that has more than one camera, the numeric ID of the camera that the app uses for scanning barcodes."
5,63,0,"Additional properties","Label for screen readers."
5,21,0,"Additional properties","The color of a control's border."
5,22,0,"Additional properties","Whether a control's border is Solid, Dashed, Dotted, or None."
5,23,0,"Additional properties","The thickness of a control's border."
5,3,0,"Additional properties","Whether the control allows user input (Edit), only displays data (View), or is disabled (Disabled)."
5,42,0,"Additional properties","The distance between a control's top and bottom edges."
5,96,0,"Additional properties","Whether visual cues are shown to indicate the status of barcode detection. Yellow rectangles represent areas that are being examined. A green line across a rectangle indicates successful barcode identification."
5,97,0,"Additional properties","Automatically updated image based on the StreamRate property."
5,98,0,"Additional properties","How often to update the image on the Stream property, in milliseconds.  This value can range from 100 (1/10th of a second) to 3,600,000 (1 hour)."
5,8,0,"Additional properties","Value of barcode that was last identified by the scanner."
5,9,0,"Additional properties","Explanatory text that appears when the user hovers over a control."
5,11,0,"Additional properties","Whether a control appears or is hidden."
5,44,0,"Additional properties","The distance between a control's left and right edges."
5,40,0,"Additional properties","The distance between the left edge of a control and the left edge of its parent container (screen, if no parent container)."
5,41,0,"Additional properties","The distance between the top edge of a control and the top edge of the parent container (screen, if no parent container)."
6,6,1,"Key properties","Actions to perform when the user taps or clicks a control."
6,8,1,"Key properties","Text that appears on a control or that the user types into a control."
6,18,0,"Additional properties","The location of text in relation to the horizontal center of its control."
6,99,0,"Additional properties","Automatically disables the control while the OnSelect behavior is running."
6,21,0,"Additional properties","The color of a control's border."
6,22,0,"Additional properties","Whether a control's border is Solid, Dashed, Dotted, or None."
6,23,0,"Additional properties","The thickness of a control's border."
6,24,0,"Additional properties","The color of text in a control."
6,100,0,"Additional properties","The language of the control's content, if different from the control's container."
6,3,0,"Additional properties","Whether the control allows user input (Edit), only displays data (View), or is disabled (Disabled)."
6,29,0,"Additional properties","The color of a control's border if the control's DisplayMode property is set to Disabled."
6,30,0,"Additional properties","The color of text in a control if its DisplayMode property is set to Disabled."
6,31,0,"Additional properties","The background color of a control if its DisplayMode property is set to Disabled."
6,27,0,"Additional properties","The color of a control's border when the control is focused."
6,28,0,"Additional properties","The thickness of a control's border when the control is focused."
6,26,0,"Additional properties","The background color of a control."
6,12,0,"Additional properties","The name of the family of fonts in which text appears."
6,13,0,"Additional properties","The weight of the text in a control: Bold, Semibold, Normal, or Lighter."
6,42,0,"Additional properties","The distance between a control's top and bottom edges."
6,32,0,"Additional properties","The color of a control's border when the user keeps the mouse pointer on that control."
6,33,0,"Additional properties","The color of the text in a control when the user keeps the mouse pointer on it."
6,34,0,"Additional properties","The background color of a control when the user keeps the mouse pointer on it."
6,14,0,"Additional properties","Whether the text in a control is italic."
6,47,0,"Additional properties","The distance between text in a control and the bottom edge of that control."
6,48,0,"Additional properties","The distance between text in a control and the left edge of that control."
6,49,0,"Additional properties","The distance between text in a control and the right edge of that control."
6,50,0,"Additional properties","The distance between text in a control and the top edge of that control."
6,101,0,"Additional properties","True while a control is being pressed, false otherwise."
6,35,0,"Additional properties","The color of a control's border when the user taps or clicks that control."
6,36,0,"Additional properties","The color of text in a control when the user taps or clicks that control."
6,37,0,"Additional properties","The background color of a control when the user taps or clicks that control."
6,51,0,"Additional properties","The degree to which the bottom-left corner of a control is rounded."
6,52,0,"Additional properties","The degree to which the bottom-right corner of a control is rounded."
6,53,0,"Additional properties","The degree to which the top-left corner of a control is rounded."
6,54,0,"Additional properties","The degree to which the top-right corner of a control is rounded."
6,15,0,"Additional properties","The font size of the text that appears on a control."
6,16,0,"Additional properties","Whether a line appears through the text that appears on a control."
6,72,0,"Additional properties","Keyboard navigation order in relation to other controls."
6,9,0,"Additional properties","Explanatory text that appears when the user hovers over a control."
6,17,0,"Additional properties","Whether a line appears under the text that appears on a control."
6,20,0,"Additional properties","The location of text on a control in relation to the vertical center of that control."
6,11,0,"Additional properties","Whether a control appears or is hidden."
6,44,0,"Additional properties","The distance between a control's left and right edges."
6,40,0,"Additional properties","The distance between the left edge of a control and the left edge of its parent container (screen if no parent container)."
6,41,0,"Additional properties","The distance between the top edge of a control and the top edge of the parent container (screen if no parent container)."
7,102,1,"Key properties","Table of the available cameras on the device."
7,95,1,"Key properties","The numeric ID of the camera to use.  Helpful on devices with more than one camera."
7,103,1,"Key properties","Actions to perform when the Stream property is updated."
7,104,1,"Key properties","The image captured when the user takes a picture."
7,97,1,"Key properties","Automatically updated image based on the StreamRate property."
7,98,1,"Key properties","How often to update the image on the Stream property, in milliseconds. This value can range from 100 (1/10th of a second) to 3,600,000 (1 hour)."
7,105,0,"Additional properties","How much light the user is likely to perceive in an image."
7,106,0,"Additional properties","How easily the user can distinguish between similar colors in an image."
8,107,1,"Key properties","The name of the field within a record that this card displays and edits."
8,1,1,"Key properties","The initial value of a control before it is changed by the user."
8,3,1,"Key properties","Values can be Edit, View, or Disabled. Configures whether the control inside the card allows user input (Edit), only displays data (View) or is disabled (Disabled)."
8,108,1,"Key properties","The user friendly name for a field in a data source."
8,109,1,"Key properties","The user friendly error message to display for this field when validation fails."
8,110,1,"Key properties","Whether a card, editing the field of a data source, must contain a value."
8,111,1,"Key properties","The value to write back to the data source for a field."
8,44,1,"Key properties","The distance between a control's left and right edges."
8,45,1,"Key properties","Whether a control automatically grows horizontally to fill any empty space in a container control such as an Edit form control. If multiple cards have this property set to true, the space is divided between them. For more information, see Understand data form layout."
8,21,0,"Additional properties","The color of a control's border."
8,22,0,"Additional properties","Whether a control's border is Solid, Dashed, Dotted, or None."
8,23,0,"Additional properties","The thickness of a control's border."
8,26,0,"Additional properties","The background color of a control."
8,42,0,"Additional properties","The distance between a control's top and bottom edges."
8,112,0,"Additional properties","Whether a Card or Edit form control contains valid entries, ready to be submitted to the data source."
8,11,0,"Additional properties","Whether a control appears or is hidden."
8,40,0,"Additional properties","The distance between the left edge of a control and the left edge of its parent container (screen if no parent container). For a Card control in a container that has multiple columns, this property determines the column in which the card appears."
8,41,0,"Additional properties","The distance between the top edge of a control and the top edge of the parent container (screen if no parent container). For a Card control in a container that has multiple rows, this property determines the row in which the card appears."
9,1,1,"Key properties","The initial value of a control before it is changed by the user."
9,8,1,"Key properties","Text that appears on a control or that the user types into a control."
9,10,1,"Key properties","The value of an input control."
9,21,0,"Additional properties","The color of a control's border."
9,22,0,"Additional properties","Whether a control's border is Solid, Dashed, Dotted, or None."
9,23,0,"Additional properties","The thickness of a control's border."
9,113,0,"Additional properties","The background color of the box that surrounds the checkmark in a checkbox control."
9,114,0,"Additional properties","The color of the border that surrounds the checkmark in a checkbox control."
9,115,0,"Additional properties","The width and height of the box that surrounds the checkmark in a checkbox control."
9,116,0,"Additional properties","The color of the checkmark in a checkbox control."
9,24,0,"Additional properties","The color of text in a control."
9,3,0,"Additional properties","Whether the control allows user input (Edit), only displays data (View), or is disabled (Disabled)."
9,29,0,"Additional properties","The color of a control's border if the control's DisplayMode property is set to Disabled."
9,30,0,"Additional properties","The color of text in a control if its DisplayMode property is set to Disabled."
9,31,0,"Additional properties","The background color of a control if its DisplayMode property is set to Disabled."
9,26,0,"Additional properties","The background color of a control."
9,27,0,"Additional properties","The color of a control's border when the control is focused."
9,28,0,"Additional properties","The thickness of a control's border when the control is focused."
9,12,0,"Additional properties","The name of the family of fonts in which text appears."
9,13,0,"Additional properties","The weight of the text in a control: Bold, Semibold, Normal, or Lighter."
9,42,0,"Additional properties","The distance between a control's top and bottom edges."
9,32,0,"Additional properties","The color of a control's border when the user keeps the mouse pointer on that control."
9,33,0,"Additional properties","The color of the text in a control when the user keeps the mouse pointer on it."
9,34,0,"Additional properties","The background color of a control when the user keeps the mouse pointer on it."
9,14,0,"Additional properties","Whether the text in a control is italic."
9,117,0,"Additional properties","Actions to perform when the value of a checkbox or a toggle changes to true."
9,6,0,"Additional properties","Actions to perform when the user taps or clicks a control."
9,118,0,"Additional properties","Actions to perform when the value of a checkbox or a toggle changes to false."
9,47,0,"Additional properties","The distance between text in a control and the bottom edge of that control."
9,48,0,"Additional properties","The distance between text in a control and the left edge of that control."
9,49,0,"Additional properties","The distance between text in a control and the right edge of that control."
9,50,0,"Additional properties","The distance between text in a control and the top edge of that control."
9,35,0,"Additional properties","The color of a control's border when the user taps or clicks that control."
9,36,0,"Additional properties","The color of text in a control when the user taps or clicks that control."
9,37,0,"Additional properties","The background color of a control when the user taps or clicks that control."
9,7,0,"Additional properties","Whether a control reverts to its default value."
9,15,0,"Additional properties","The font size of the text that appears on a control."
9,16,0,"Additional properties","Whether a line appears through the text that appears on a control."
9,72,0,"Additional properties","Keyboard navigation order in relation to other controls."
9,9,0,"Additional properties","Explanatory text that appears when the user hovers over a control."
9,17,0,"Additional properties","Whether a line appears under the text that appears on a control."
9,20,0,"Additional properties","The location of text on a control in relation to the vertical center of that control."
9,11,0,"Additional properties","Whether a control appears or is hidden."
9,44,0,"Additional properties","The distance between a control's left and right edges."
9,40,0,"Additional properties","The distance between the left edge of a control and the left edge of its parent container (screen if no parent container)."
9,41,0,"Additional properties","The distance between the top edge of a control and the top edge of the parent container (screen if no parent container)."
12,4,1,"Key properties","The source of data from which selections can be made."
12,119,1,"Key properties","The initial selected item(s) before the user interacts with the control."
12,120,1,"Key properties","List of selected items resulting from user interaction."
12,121,1,"Key properties","The last selected item resulting from user interaction."
12,122,1,"Key properties","Whether the user can select a single item or multiple items."
12,123,1,"Key properties","Whether the user can search for items before selecting."
12,124,1,"Key properties","The data fields of the data source searched when user is entering text."
12,63,0,"Additional properties","Label for screen readers."
12,21,0,"Additional properties","The color of a control's border."
12,22,0,"Additional properties","Whether a control's border is Solid, Dashed, Dotted, or None."
12,23,0,"Additional properties","The thickness of a control's border."
12,125,0,"Additional properties","List of fields shown for each item returned by the search.  Easiest to configure via the Data pane in the Properties option tab."
12,3,0,"Additional properties","Whether the control allows user input (Edit), only displays data (View), or is disabled (Disabled)."
12,27,0,"Additional properties","The color of a control's border when the control is focused."
12,28,0,"Additional properties","The thickness of a control's border when the control is focused."
12,42,0,"Additional properties","The distance between a control's top and bottom edges."
12,126,0,"Additional properties","Instructional text shown to end users when no items are selected."
12,5,0,"Additional properties","Actions to perform when the user changes a selection."
12,127,0,"Additional properties","Actions to perform when the user selects an item."
12,6,0,"Additional properties","Actions to perform when the user taps or selects a control."
12,72,0,"Additional properties","Keyboard navigation order in relation to other controls."
12,11,0,"Additional properties","Whether a control appears or is hidden."
12,44,0,"Additional properties","The distance between a control's left and right edges."
12,40,0,"Additional properties","The distance between the left edge of a control and the left edge of its parent container (screen if no parent container)."
12,41,0,"Additional properties","The distance between the top edge of a control and the top edge of the parent container (screen if no parent container)."
15,128,1,"Key properties","The initial value of a date control unless the user changes it."
15,129,1,"Key properties","The date currently selected in a date control.  This date is represented in local time."
15,130,1,"Key properties","The text format in which the control shows the date and the user specifies the date. You can set this property to ShortDate (default) or LongDate to format dates based on the Language property of this control. You can also set this property to an expression, such as yyyy/mm/dd if you want the same format regardless of language. For example:"
15,131,1,"Key properties","Determines the language that's used to format dates, including names of months. If this property isn't specified, the user's device setting determines the language. Supported values include ""EN-us"" and ""FR""."
15,63,0,"Additional properties","Label for screen readers."
15,21,0,"Additional properties","The color of a control's border."
15,22,0,"Additional properties","Whether a control's border is Solid, Dashed, Dotted, or None."
15,23,0,"Additional properties","The thickness of a control's border."
15,24,0,"Additional properties","The color of text in a control."
15,132,0,"Additional properties","Whether to display the date in UTC or the user's Local time."
15,3,0,"Additional properties","Whether the control allows user input (Edit), only displays data (View), or is disabled (Disabled)."
15,29,0,"Additional properties","The color of a control's border if the control's DisplayMode property is set to Disabled."
15,30,0,"Additional properties","The color of text in a control if its DisplayMode property is set to Disabled."
15,31,0,"Additional properties","The background color of a control if its DisplayMode property is set to Disabled."
15,133,0,"Additional properties","The latest year to which the user can set value of a date-picker control."
15,26,0,"Additional properties","The background color of a control."
15,27,0,"Additional properties","The color of a control's border when the control is focused."
15,28,0,"Additional properties","The thickness of a control's border when the control is focused."
15,12,0,"Additional properties","The name of the family of fonts in which text appears."
15,13,0,"Additional properties","The weight of the text in a control: Bold, Semibold, Normal, or Lighter."
15,42,0,"Additional properties","The distance between a control's top and bottom edges."
15,134,0,"Additional properties","The foreground color of a the date picker icon."
15,135,0,"Additional properties","The background color of a the date picker icon."
15,126,0,"Additional properties","Instructional text that appears if no dates are entered."
15,136,0,"Additional properties","Whether the Date Picker text can be edited. If false, the date can only be changed by using the calendar."
15,14,0,"Additional properties","Whether the text in a control is italic."
15,6,0,"Additional properties","Actions to perform when the user taps or clicks a control."
15,5,0,"Additional properties","Actions to perform when the user changes the value of a control."
15,47,0,"Additional properties","The distance between text in a control and the bottom edge of that control."
15,48,0,"Additional properties","The distance between text in a control and the left edge of that control."
15,49,0,"Additional properties","The distance between text in a control and the right edge of that control."
15,50,0,"Additional properties","The distance between text in a control and the top edge of that control."
15,7,0,"Additional properties","Whether the Date Picker control should be reset to the DefaultDate value."
15,15,0,"Additional properties","The font size of the text that appears on a control."
15,137,0,"Additional properties","The day of the week to display in the first day column of the date-picker control."
15,138,0,"Additional properties","The earliest year to which the user can set the value of a date-picker control."
15,72,0,"Additional properties","Keyboard navigation order in relation to other controls."
15,11,0,"Additional properties","Whether a control appears or is hidden."
15,44,0,"Additional properties","The distance between a control's left and right edges."
15,40,0,"Additional properties","The distance between the left edge of a control and the left edge of its parent container (screen if no parent container)."
15,41,0,"Additional properties","The distance between the top edge of a control and the top edge of the parent container (screen if no parent container)."
16,1,1,"Key properties","The initial value of a control before the user specifies a different value."
16,4,1,"Key properties","The source of data that contains the items that appear in the control. If the source has multiple columns, set the control's Value property to the column of data that you want to show."
16,10,1,"Key properties","The column of data that you want to show in the control (for example, if a data source has multiple columns)."
16,121,1,"Key properties","The data record that represents the selected item."
16,139,1,"Key properties","Whether the control can have no selected items. When false, there will always be a selected item, which will initially be the Default or the first item."
16,63,0,"Additional properties","Label for screen readers."
16,21,0,"Additional properties","The color of a control's border."
16,22,0,"Additional properties","Whether a control's border is Solid, Dashed, Dotted, or None."
16,23,0,"Additional properties","The thickness of a control's border."
16,140,0,"Additional properties","The color behind the down arrow in a dropdown list."
16,141,0,"Additional properties","The color of the down arrow in a dropdown list."
16,24,0,"Additional properties","The color of text in a control."
16,3,0,"Additional properties","Whether the control allows user input (Edit), only displays data (View), or is disabled (Disabled)."
16,29,0,"Additional properties","The color of a control's border if the control's DisplayMode property is set to Disabled."
16,30,0,"Additional properties","The color of text in a control if its DisplayMode property is set to Disabled."
16,31,0,"Additional properties","The background color of a control if its DisplayMode property is set to Disabled."
16,26,0,"Additional properties","The background color of a control."
16,27,0,"Additional properties","The color of a control's border when the control is focused."
16,28,0,"Additional properties","The thickness of a control's border when the control is focused."
16,12,0,"Additional properties","The name of the family of fonts in which text appears."
16,13,0,"Additional properties","The weight of the text in a control: Bold, Semibold, Normal, or Lighter."
16,42,0,"Additional properties","The distance between a control's top and bottom edges."
16,32,0,"Additional properties","The color of a control's border when the user keeps the mouse pointer on that control."
16,33,0,"Additional properties","The color of the text in a control when the user keeps the mouse pointer on it."
16,34,0,"Additional properties","The background color of a control when the user keeps the mouse pointer on it."
16,14,0,"Additional properties","Whether the text in a control is italic."
16,5,0,"Additional properties","Actions to perform when the user changes the value of a control (for example, by adjusting a slider)."
16,6,0,"Additional properties","Actions to perform when the user selects a control."
16,47,0,"Additional properties","The distance between text in a control and the bottom edge of that control."
16,48,0,"Additional properties","The distance between text in a control and the left edge of that control."
16,49,0,"Additional properties","The distance between text in a control and the right edge of that control."
16,50,0,"Additional properties","The distance between text in a control and the top edge of that control."
16,35,0,"Additional properties","The color of a control's border when the user selects that control."
16,36,0,"Additional properties","The color of text in a control when the user selects that control."
16,37,0,"Additional properties","The background color of a control when the user selects that control."
16,7,0,"Additional properties","Whether a control reverts to its default value."
16,142,0,"Additional properties","A string value that represents the selected item. Use Dropdown1.SelectedText.Value instead, replacing ""Dropdown1"" with drop-down control name in the app."
16,38,0,"Additional properties","The text color of a selected item or items in a list or the color of the selection tool in a pen control."
16,39,0,"Additional properties","The background color of a selected item or items in a list or a selected area of a pen control."
16,15,0,"Additional properties","The font size of the text that appears on a control."
16,16,0,"Additional properties","Whether a line appears through the text that appears on a control."
16,72,0,"Additional properties","Keyboard navigation order in relation to other controls."
16,9,0,"Additional properties","Explanatory text that appears when the user hovers over a control."
16,17,0,"Additional properties","Whether a line appears under the text that appears on a control."
16,11,0,"Additional properties","Whether a control appears or is hidden."
16,44,0,"Additional properties","The distance between a control's left and right edges."
16,40,0,"Additional properties","The distance between the left edge of a control and the left edge of its parent container (screen if no parent container)."
16,41,0,"Additional properties","The distance between the top edge of a control and the top edge of the parent container (screen if no parent container)."
17,143,1,"Key properties","The name of a collection that you want to export to a local file."
17,6,1,"Key properties","Actions to perform when the user taps or clicks a control."
17,18,0,"Additional properties","The location of text in relation to the horizontal center of its control."
17,21,0,"Additional properties","The color of a control's border."
17,22,0,"Additional properties","Whether a control's border is Solid, Dashed, Dotted, or None."
17,23,0,"Additional properties","The thickness of a control's border."
17,24,0,"Additional properties","The color of text in a control."
17,3,0,"Additional properties","Whether the control allows user input (Edit), only displays data (View), or is disabled (Disabled)."
17,29,0,"Additional properties","The color of a control's border if the control's DisplayMode property is set to Disabled."
17,30,0,"Additional properties","The color of text in a control if its DisplayMode property is set to Disabled."
17,31,0,"Additional properties","The background color of a control if its DisplayMode property is set to Disabled."
17,26,0,"Additional properties","The background color of a control."
17,27,0,"Additional properties","The color of a control's border when the control is focused."
17,28,0,"Additional properties","The thickness of a control's border when the control is focused."
17,12,0,"Additional properties","The name of the family of fonts in which text appears."
17,13,0,"Additional properties","The weight of the text in a control: Bold, Semibold, Normal, or Lighter."
17,42,0,"Additional properties","The distance between a control's top and bottom edges."
17,32,0,"Additional properties","The color of a control's border when the user keeps the mouse pointer on that control."
17,33,0,"Additional properties","The color of the text in a control when the user keeps the mouse pointer on it."
17,34,0,"Additional properties","The background color of a control when the user keeps the mouse pointer on it."
17,14,0,"Additional properties","Whether the text in a control is italic."
17,46,0,"Additional properties","The distance between the text on an import or export button and the edges of that button."
17,35,0,"Additional properties","The color of a control's border when the user taps or clicks that control."
17,36,0,"Additional properties","The color of text in a control when the user taps or clicks that control."
17,37,0,"Additional properties","The background color of a control when the user taps or clicks that control."
17,51,0,"Additional properties","The degree to which the bottom-left corner of a control is rounded."
17,52,0,"Additional properties","The degree to which the bottom-right corner of a control is rounded."
17,53,0,"Additional properties","The degree to which the top-left corner of a control is rounded."
17,54,0,"Additional properties","The degree to which the top-right corner of a control is rounded."
17,15,0,"Additional properties","The font size of the text that appears on a control."
17,16,0,"Additional properties","Whether a line appears through the text that appears on a control."
17,72,0,"Additional properties","Keyboard navigation order in relation to other controls."
17,8,0,"Additional properties","Text that appears on a control or that the user types into a control."
17,17,0,"Additional properties","Whether a line appears under the text that appears on a control."
17,20,0,"Additional properties","The location of text on a control in relation to the vertical center of that control."
17,11,0,"Additional properties","Whether a control appears or is hidden."
17,44,0,"Additional properties","The distance between a control's left and right edges."
17,40,0,"Additional properties","The distance between the left edge of a control and the left edge of its parent container (screen if no parent container)."
17,41,0,"Additional properties","The distance between the top edge of a control and the top edge of the parent container (screen if no parent container)."
18,144,1,"Key properties","The data source that contains the record that the user will show, edit, or create."
18,145,1,"Key properties","The initial mode of the form control.  See the description of Mode below for the acceptable values and their meanings."
18,3,1,"Key properties","The mode to use for data cards and controls within the form control."
18,109,1,"Key properties","A user friendly error message to display for this form when the SubmitForm function fails."
18,146,1,"Key properties","If an error occurs when SubmitForm runs, the kind of error that occurred."
18,147,1,"Key properties","The record in the DataSource that the user will show or edit."
18,148,1,"Key properties","The last successfully submitted record, including any server generated fields."
18,149,1,"Key properties","The control is in Edit or New mode."
18,150,1,"Key properties","Actions to perform when a data operation has been unsuccessful."
18,151,1,"Key properties","Actions to perform when an Edit form control is reset."
18,152,1,"Key properties","Actions to perform when a data operation has been successful."
18,153,1,"Key properties","True if the Edit form control contains user changes that have not been saved."
18,154,1,"Key properties","The values to write back to the data source for a record loaded in a form control."
18,112,1,"Key properties","Whether a Card or Edit form control contains valid entries, ready to be submitted to the data source."
18,21,0,"Additional properties","The color of a control's border."
18,22,0,"Additional properties","Whether a control's border is Solid, Dashed, Dotted, or None."
18,23,0,"Additional properties","The thickness of a control's border."
18,26,0,"Additional properties","The background color of a control."
18,42,0,"Additional properties","The distance between a control's top and bottom edges."
18,11,0,"Additional properties","Whether a control appears or is hidden."
18,44,0,"Additional properties","The distance between a control's left and right edges."
18,40,0,"Additional properties","The distance between the left edge of a control and the left edge of its parent container (screen if no parent container)."
18,41,0,"Additional properties","The distance between the top edge of a control and the top edge of the parent container (screen if no parent container)."
19,121,1,"Key properties","The selected item."
19,155,0,"Additional properties","Items that are loaded in the gallery. This may be less than the actual number of Items of the data source. More items may be loaded when the gallery is scrolled. AllItems also contains controls that are used in each gallery item."
19,156,0,"Additional properties","Count of items that are loaded in the gallery. This may be less than the actual number of Items of the data source. More items may be loaded when the gallery is scrolled."
19,157,0,"Additional properties","Delay loading of items (rows) until after the screen first loads."
19,158,0,"Additional properties","Label of each gallery item for screen readers. Should describe what each item is."
19,159,0,"Additional properties","The fill color of the loading spinner.  Default is set to BorderColor."
19,160,0,"Additional properties","How far a gallery scrolls if its ShowNavigation property is set to true and the user selects a navigation arrow at either end of that gallery."
19,161,0,"Additional properties","Whether gallery items can be selected. When set to true, screen readers identify the gallery as a selectable list. And you select an item by selecting it. When set to false, screen readers identify the gallery as a regular list, and selecting an item doesn't select it."
19,162,0,"Additional properties","Whether an arrow appears at each end of a gallery so that a user can scroll through the items in the gallery by selecting an arrow."
19,163,0,"Additional properties","Whether a scrollbar appears when the user hovers over a gallery."
19,164,0,"Additional properties","The background color of a gallery."
19,165,0,"Additional properties","The distance between items in a gallery."
19,166,0,"Additional properties","The height of the template for a gallery in vertical/portrait orientation. Or the width of the template for a gallery in horizontal/landscape orientation. The minimum size is one."
19,167,0,"Additional properties","The visual effect (Pop, Push, or None) when the user hovers over an item in a gallery."
19,168,0,"Additional properties","Number of items shown per row or column based on horizontal or vertical layout."
22,24,1,"Key properties","The color of text in a control."
22,12,1,"Key properties","The name of the family of fonts in which text appears."
22,169,1,"Key properties","Text that appears in an HTML text control and that may contain HTML tags."
22,43,0,"Additional properties","Set to true to allow the control to auto-grow its height to show all text. Set to false to truncate the text to the height assigned."
22,21,0,"Additional properties","The color of a control's border."
22,22,0,"Additional properties","Whether a control's border is Solid, Dashed, Dotted, or None."
22,23,0,"Additional properties","The thickness of a control's border."
22,3,0,"Additional properties","Whether the control allows user input (Edit), only displays data (View), or is disabled (Disabled)."
22,29,0,"Additional properties","The color of a control's border if the control's DisplayMode property is set to Disabled."
22,31,0,"Additional properties","The background color of a control if its DisplayMode property is set to Disabled."
22,26,0,"Additional properties","The background color of a control."
22,42,0,"Additional properties","The distance between a control's top and bottom edges."
22,32,0,"Additional properties","The color of a control's border when the user keeps the mouse pointer on that control."
22,6,0,"Additional properties","Actions to do when the user selects a control."
22,47,0,"Additional properties","The distance between text in a control and the bottom edge of that control."
22,48,0,"Additional properties","The distance between text in a control and the left edge of that control."
22,49,0,"Additional properties","The distance between text in a control and the right edge of that control."
22,50,0,"Additional properties","The distance between text in a control and the top edge of that control."
22,15,0,"Additional properties","The font size of the text that appears on a control."
22,9,0,"Additional properties","Explanatory text that appears when the user hovers over a control."
22,11,0,"Additional properties","Whether a control appears or is hidden."
22,44,0,"Additional properties","The distance between a control's left and right edges."
22,40,0,"Additional properties","The distance between the left edge of a control and the left edge of its parent container (screen if no parent container)."
22,41,0,"Additional properties","The distance between the top edge of a control and the top edge of the parent container (screen if no parent container)."
23,56,1,"Key properties","The name or the URL of the image that appears in an image, audio, or microphone control."
23,63,0,"Additional properties","Label for screen readers."
23,170,0,"Additional properties","Whether to automatically apply the orientation specified in the EXIF data embedded with the image."
23,99,0,"Additional properties","Automatically disables the control while the OnSelect behavior is executing."
23,21,0,"Additional properties","The color of a control's border."
23,22,0,"Additional properties","Whether a control's border is Solid, Dashed, Dotted, or None."
23,23,0,"Additional properties","The thickness of a control's border."
23,171,0,"Additional properties","Enables the OriginalHeight and OriginalWidth properties."
23,3,0,"Additional properties","Whether the control allows user input (Edit), only displays data (View), or is disabled (Disabled)."
23,29,0,"Additional properties","The color of a control's border if the control's DisplayMode property is set to Disabled."
23,31,0,"Additional properties","The background color of a control if its DisplayMode property is set to Disabled."
23,26,0,"Additional properties","The background color of a control."
23,172,0,"Additional properties","Whether to flip the image horizontally before displaying it."
23,173,0,"Additional properties","Whether to flip the image vertically before displaying it."
23,27,0,"Additional properties","The color of a control's border when the control is focused."
23,28,0,"Additional properties","The thickness of a control's border when the control is focused."
23,42,0,"Additional properties","The distance between a control's top and bottom edges."
23,32,0,"Additional properties","The color of a control's border when the user keeps the mouse pointer on that control."
23,34,0,"Additional properties","The background color of a control when the user keeps the mouse pointer on it."
23,57,0,"Additional properties","The position (Fill, Fit, Stretch, Tile, or Center) of an image in a screen or a control if it isn't the same size as the image."
23,174,0,"Additional properties","How to rotate the image before displaying it.  Values can be none, clockwise (CW) 90 degrees, counter-clockwise (CCW) 90 degrees and clockwise 180 degrees."
23,6,0,"Additional properties","Actions to perform when the user taps or clicks a control."
23,175,0,"Additional properties","Original height of an image, enabled with the CalculateOriginalDimensions property."
23,176,0,"Additional properties","Original width of an image, enabled with the CalculateOriginalDimensions property."
23,47,0,"Additional properties","The distance between text in a control and the bottom edge of that control."
23,48,0,"Additional properties","The distance between text in a control and the left edge of that control."
23,49,0,"Additional properties","The distance between text in a control and the right edge of that control."
23,50,0,"Additional properties","The distance between text in a control and the top edge of that control."
23,35,0,"Additional properties","The color of a control's border when the user taps or clicks that control."
23,37,0,"Additional properties","The background color of a control when the user taps or clicks that control."
23,51,0,"Additional properties","The degree to which the bottom-left corner of a control is rounded."
23,52,0,"Additional properties","The degree to which the bottom-right corner of a control is rounded."
23,53,0,"Additional properties","The degree to which the top-left corner of a control is rounded."
23,54,0,"Additional properties","The degree to which the top-right corner of a control is rounded."
23,72,0,"Additional properties","Keyboard navigation order in relation to other controls."
23,9,0,"Additional properties","Explanatory text that appears when the user hovers over a control."
23,177,0,"Additional properties","The degree to which controls behind an image remain visible. Decimal values range from 0 to 1.  Where 0 is opaque, 0.5 is semi-transparent and 1 is transparent."
23,11,0,"Additional properties","Whether a control appears or is hidden."
23,44,0,"Additional properties","The distance between a control's left and right edges."
23,40,0,"Additional properties","The distance between the left edge of a control and the left edge of its parent container (screen if no parent container)."
23,41,0,"Additional properties","The distance between the top edge of a control and the top edge of the parent container (screen if no parent container)."
24,1,1,"Key properties","The initial value of a control before it is changed by the user."
24,4,1,"Key properties","The source of data that appears in a control such as a gallery, a list, or a chart."
24,63,0,"Additional properties","Label for screen readers."
24,21,0,"Additional properties","The color of a control's border."
24,22,0,"Additional properties","Whether a control's border is Solid, Dashed, Dotted, or None."
24,23,0,"Additional properties","The thickness of a control's border."
24,24,0,"Additional properties","The color of text in a control."
24,3,0,"Additional properties","Whether the control allows user input (Edit), only displays data (View), or is disabled (Disabled)."
24,29,0,"Additional properties","The color of a control's border if the control's DisplayMode property is set to Disabled."
24,30,0,"Additional properties","The color of text in a control if its DisplayMode property is set to Disabled."
24,31,0,"Additional properties","The background color of a control if its DisplayMode property is set to Disabled."
24,26,0,"Additional properties","The background color of a control."
24,27,0,"Additional properties","The color of a control's border when the control is focused."
24,28,0,"Additional properties","The thickness of a control's border when the control is focused."
24,12,0,"Additional properties","The name of the family of fonts in which text appears."
24,13,0,"Additional properties","The weight of the text in a control: Bold, Semibold, Normal, or Lighter."
24,42,0,"Additional properties","The distance between a control's top and bottom edges."
24,32,0,"Additional properties","The color of a control's border when the user keeps the mouse pointer on that control."
24,33,0,"Additional properties","The color of the text in a control when the user keeps the mouse pointer on it."
24,34,0,"Additional properties","The background color of a control when the user keeps the mouse pointer on it."
24,14,0,"Additional properties","Whether the text in a control is italic."
24,178,0,"Additional properties","The distance between text in a listbox and its left edge."
24,19,0,"Additional properties","The distance between, for example, lines of text or items in a list."
24,5,0,"Additional properties","Actions to perform when the user changes the value of a control (for example, by adjusting a slider)."
24,6,0,"Additional properties","Actions to perform when the user taps or clicks a control."
24,47,0,"Additional properties","The distance between text in a control and the bottom edge of that control."
24,48,0,"Additional properties","The distance between text in a control and the left edge of that control."
24,49,0,"Additional properties","The distance between text in a control and the right edge of that control."
24,50,0,"Additional properties","The distance between text in a control and the top edge of that control."
24,35,0,"Additional properties","The color of a control's border when the user taps or clicks that control."
24,36,0,"Additional properties","The color of text in a control when the user taps or clicks that control."
24,37,0,"Additional properties","The background color of a control when the user taps or clicks that control."
24,7,0,"Additional properties","Whether a control reverts to its default value."
24,121,0,"Additional properties","The data record that represents the selected item."
24,120,0,"Additional properties","Read-only. Represents a datatable of selected items for a multiselect listbox."
24,179,0,"Additional properties","Read-only. Represents a datatable of selected items text for a multiselect listbox."
24,142,0,"Additional properties","A string value that represents the selected item."
24,38,0,"Additional properties","The text color of a selected item or items in a list or the color of the selection tool in a pen control."
24,39,0,"Additional properties","The background color of a selected item or items in a list or a selected area of a pen control."
24,122,0,"Additional properties","Whether a user can select more than one item in a listbox."
24,15,0,"Additional properties","The font size of the text that appears on a control."
24,16,0,"Additional properties","Whether a line appears through the text that appears on a control."
24,72,0,"Additional properties","Keyboard navigation order in relation to other controls."
24,9,0,"Additional properties","Explanatory text that appears when the user hovers over a control."
24,17,0,"Additional properties","Whether a line appears under the text that appears on a control."
24,11,0,"Additional properties","Whether a control appears or is hidden."
24,44,0,"Additional properties","The distance between a control's left and right edges."
24,40,0,"Additional properties","The distance between the left edge of a control and the left edge of its parent container (screen if no parent container)."
24,41,0,"Additional properties","The distance between the top edge of a control and the top edge of the parent container (screen if no parent container)."
25,180,1,"Key properties","The audio clip captured when the user records with the device's microphone."
25,181,1,"Key properties","Numeric ID of the microphone on a device that has more than one microphone."
25,182,1,"Key properties","Actions to perform when the user stops recording with a microphone control."
25,81,0,"Additional properties","Actions to perform when the user starts to record with a microphone control."
26,10,1,"Key properties","Output property that contains the text value of the code that was scanned most recently."
26,183,1,"Key properties","Output property that contains the type of the code that was scanned most recently."
26,87,1,"Key properties","Actions to perform when a barcode is successfully scanned."
26,88,1,"Key properties","Actions to perform when a barcode scan is canceled by the user."
26,89,1,"Key properties","The barcode type to scan. You can target multiple barcode types by concatenating them. Ex. BarcodeType.Code128 & BarcodeType.Code39  Default: Auto"
26,92,1,"Key properties","Whether the front-facing camera, when available, is used for scanning."
26,184,1,"Key properties","Whether the flashlight is enabled automatically when the scanner is opened."
26,8,0,"Additional properties","Text that appears on the button that activates the scanner."
26,21,0,"Additional properties","The color of a control's border."
26,22,0,"Additional properties","Whether a control's border is Solid, Dashed, Dotted, or None."
26,23,0,"Additional properties","The thickness of a control's border."
26,3,0,"Additional properties","Whether the control allows user input (Edit), only displays data (View), or is disabled (Disabled)."
26,42,0,"Additional properties","The height of the button that activates the scanner."
26,9,0,"Additional properties","Explanatory text that appears when the user hovers over a control."
26,11,0,"Additional properties","Whether a control appears or is hidden."
26,44,0,"Additional properties","The width of the button that activates the scanner."
26,40,0,"Additional properties","The distance between the left edge of a control and the left edge of its parent container (screen, if no parent container)."
26,41,0,"Additional properties","The distance between the top edge of a control and the top edge of the parent container (screen, if no parent container)."
27,185,1,"Key properties","The URL, enclosed in double-quotation marks, of a PDF file."
27,186,0,"Additional properties","The actual zoom of the control, which might differ from the zoom requested with the Zoom property."
27,21,0,"Additional properties","The color of a control's border."
27,22,0,"Additional properties","Whether a control's border is Solid, Dashed, Dotted, or None."
27,23,0,"Additional properties","The thickness of a control's border."
27,187,0,"Additional properties","The current search term that is in use."
27,188,0,"Additional properties","The number of the page in a PDF file that is actually being shown."
27,3,0,"Additional properties","Whether the control allows user input (Edit), only displays data (View), or is disabled (Disabled)."
27,29,0,"Additional properties","The color of a control's border if the control's DisplayMode property is set to Disabled."
27,26,0,"Additional properties","The background color of a control."
27,189,0,"Additional properties","Finds the next instance of FindText in the document."
27,190,0,"Additional properties","Finds the previous instance of FindText in the document."
27,191,0,"Additional properties","The search term to look for in the document."
27,42,0,"Additional properties","The distance between a control's top and bottom edges."
27,32,0,"Additional properties","The color of a control's border when the user keeps the mouse pointer on that control."
27,6,0,"Additional properties","Actions to perform when the user taps or selects a control."
27,192,0,"Additional properties","Actions to perform when the state of the control changes."
27,47,0,"Additional properties","The distance between text in a control and the bottom edge of that control."
27,48,0,"Additional properties","The distance between text in a control and the left edge of that control."
27,49,0,"Additional properties","The distance between text in a control and the right edge of that control."
27,50,0,"Additional properties","The distance between text in a control and the top edge of that control."
27,193,0,"Additional properties","The number of the page that you want to show."
27,194,0,"Additional properties","The number of pages in a document."
27,35,0,"Additional properties","The color of a control's border when the user taps or selects that control."
27,75,0,"Additional properties","Whether an audio or video player shows, for example, a play button and a volume slider, and a pen control shows, for example, icons for drawing, erasing, and clearing."
27,9,0,"Additional properties","Explanatory text that appears when the user hovers over a control."
27,11,0,"Additional properties","Whether a control appears or is hidden."
27,44,0,"Additional properties","The distance between a control's left and right edges."
27,40,0,"Additional properties","The distance between the left edge of a control and the left edge of its parent container (screen if no parent container)."
27,41,0,"Additional properties","The distance between the top edge of a control and the top edge of the parent container (screen if no parent container)."
27,195,0,"Additional properties","The percentage by which an image from a camera is magnified or the view of a file in a PDF viewer."
28,56,1,"Key properties","Output property that represents the image drawn by the end user."
28,24,1,"Key properties","The color of input strokes."
28,149,1,"Key properties","The control is in Draw or Erase mode.  Select mode has been deprecated."
28,63,0,"Additional properties","Label for screen readers. Can be used to describe the purpose of the control as well as alternative methods of input."
28,21,0,"Additional properties","The color of a control's border."
28,22,0,"Additional properties","Whether a control's border is Solid, Dashed, Dotted, or None."
28,23,0,"Additional properties","The thickness of a control's border."
28,3,0,"Additional properties","Whether the control allows user input (Edit), only displays data (View), or is disabled (Disabled)."
28,26,0,"Additional properties","The background color of a control."
28,42,0,"Additional properties","The distance between a control's top and bottom edges."
28,196,0,"Additional properties","Deprecated. Whether the input supports mouse, pen, or touch inputs.  Default value (7) supports all three."
28,6,0,"Additional properties","Actions to perform when the user taps or clicks a control."
28,38,0,"Additional properties","The text color of a selected item or items in a list or the color of the selection tool in a pen control."
28,197,0,"Additional properties","The thickness of the selection tool for a pen-input control."
28,75,0,"Additional properties","Whether an audio or video player shows, for example, a play button and a volume slider, and a pen control shows, for example, icons for drawing, erasing, and clearing."
28,15,0,"Additional properties","The font size of the text that appears on a control."
28,9,0,"Additional properties","Explanatory text that appears when the user hovers over a control."
28,11,0,"Additional properties","Whether a control appears or is hidden."
28,44,0,"Additional properties","The distance between a control's left and right edges."
28,40,0,"Additional properties","The distance between the left edge of a control and the left edge of its parent container (screen if no parent container)."
28,41,0,"Additional properties","The distance between the top edge of a control and the top edge of the parent container (screen if no parent container)."
30,198,1,"Key properties","Whether to use the new API when calling the Power BI service. Setting the value to True will allow the use of the new Power BI API (which isn't supported in mobile and some embedded scenarios, but allows some more advanced filtering). False will use the original API. Default value is false."
30,199,1,"Key properties","The Power BI dashboard where the tile comes from."
30,200,1,"Key properties","When set to True, the Power BI content is loaded and shown. When set to False, the Power BI content is unloaded, which releases memory and optimizes performance."
30,201,1,"Key properties","When set to True, the Power BI content can be interacted with, but Power Apps OnSelect event won't trigger. When set to False, the tile can't be interacted with, but Power Apps OnSelect event will trigger when the tile is selected."
30,202,1,"Key properties","The name of the Power BI tile that you want to display."
30,203,1,"Key properties","The Power BI workspace where the tile comes from."
30,21,0,"Additional properties","The color of a control's border."
30,22,0,"Additional properties","Whether a control's border is Solid, Dashed, Dotted, or None."
30,23,0,"Additional properties","The thickness of a control's border."
30,3,0,"Additional properties","Whether the control allows user input (Edit), only displays data (View), or is disabled (Disabled)."
30,42,0,"Additional properties","The distance between a control's top and bottom edges."
30,6,0,"Additional properties","Actions to perform when the user selects a control. By default, the Power BI report that's associated with the tile opens."
30,204,0,"Additional properties","The URL by which the tile is requested from the Power BI service. To add query string filtering to your URL, see the filtering section above."
30,11,0,"Additional properties","Whether a control appears or is hidden."
30,44,0,"Additional properties","The distance between a control's left and right edges."
30,40,0,"Additional properties","The distance between the left edge of a control and the left edge of its parent container (screen&mdash;if no parent container)."
30,41,0,"Additional properties","The distance between the top edge of a control and the top edge of the parent container (screen&mdash;if no parent container)."
31,1,1,"Key properties","The value of a control before the user changes it."
31,4,1,"Key properties","The source of data that appears in a control such as a gallery, a list, or a chart."
31,205,1,"Key properties","Whether the options are laid out vertically or horizontally."
31,10,1,"Key properties","The value of an input control."
31,121,1,"Key properties","The data record that represents the selected item."
32,1,1,"Key properties","The initial value of a control before it is changed by the user."
32,206,1,"Key properties","The maximum value to which the user can set a slider or a rating."
32,63,0,"Additional properties","Label for screen readers."
32,21,0,"Additional properties","The color of a control's border."
32,22,0,"Additional properties","Whether a control's border is Solid, Dashed, Dotted, or None."
32,23,0,"Additional properties","The thickness of a control's border."
32,3,0,"Additional properties","Whether the control allows user input (Edit), only displays data (View), or is disabled (Disabled)."
32,26,0,"Additional properties","The background color of a control."
32,27,0,"Additional properties","The color of a control's border when the control is focused."
32,28,0,"Additional properties","The thickness of a control's border when the control is focused."
32,42,0,"Additional properties","The distance between a control's top and bottom edges."
32,5,0,"Additional properties","Actions to perform when the user changes the value of a control (for example, by adjusting a slider)."
32,6,0,"Additional properties","Actions to perform when the user taps or clicks a control."
32,207,0,"Additional properties","The color of the stars in a rating control."
32,208,0,"Additional properties","Whether a user can change the value of a slider or rating control."
32,7,0,"Additional properties","Whether a control reverts to its default value."
32,209,0,"Additional properties","Whether a slider's or rating's value appears as the user changes that value or hovers over the control."
32,72,0,"Additional properties","Keyboard navigation order in relation to other controls."
32,9,0,"Additional properties","Explanatory text that appears when the user hovers over a control."
32,11,0,"Additional properties","Whether a control appears or is hidden."
32,44,0,"Additional properties","The distance between a control's left and right edges."
32,40,0,"Additional properties","The distance between the left edge of a control and the left edge of its parent container (screen if no parent container)."
32,41,0,"Additional properties","The distance between the top edge of a control and the top edge of the parent container (screen if no parent container)."
33,1,1,"Key properties","Input property for the initial text value shown in the editor"
33,169,1,"Key properties","Output property for the resulting rich text in HTML format"
33,63,0,"Additional properties","Label for screen readers. Should describe the purpose of the attachments."
33,3,0,"Additional properties","Whether the control lets you add and delete files (Edit), only shows data (View), or is disabled (Disabled)."
33,210,0,"Additional properties","Whether the browser spell checker is enabled. This feature only checks spelling in the browser's default language. Power Apps for Windows doesn't support this property."
33,42,0,"Additional properties","The distance from the control's top edge to its bottom edge."
33,72,0,"Additional properties","Keyboard navigation order in relation to other controls."
33,11,0,"Additional properties","Whether a control is visible or hidden."
33,44,0,"Additional properties","The distance from the control's left edge to its right edge."
33,40,0,"Additional properties","The distance from the control's left edge to the left edge of its parent container, or the screen if there's no parent container."
33,41,0,"Additional properties","The distance from the control's top edge to the top edge of its parent container, or the screen if there's no parent container."
34,55,1,"Key properties","The name of an image file that appears in the background of a screen."
34,26,1,"Key properties","The background color of a control."
34,42,0,"Additional properties","The height of the screen. If the app is responsive (Scale to fit is Off) and the device on which the app is running is shorter than this property, the screen can scroll vertically."
34,57,0,"Additional properties","The position (Fill, Fit, Stretch, Tile, or Center) of an image in a screen or a control if it isn't the same size as the image."
34,159,0,"Additional properties","The fill color of the loading spinner."
34,211,0,"Additional properties","The name of the screen."
34,212,0,"Additional properties","The behavior of an app when the user navigates away from a screen. If the Disable non-blocking App.OnStart rule is enabled in app settings, this property may need to wait until App.OnStart is finished executing. By default, this setting is turned on."
34,213,0,"Additional properties","The behavior of an app when the user navigates to a screen.  Use this property to set up variables and preload data used by the screen.  Use the App.OnStart property for set up once when the app is started. If the non-blocking App.OnStart is enabled, the Screen.OnVisible event can run parallel with it. As a result, it's recommended to refrain from relying on variables or collections that are initialized by App.OnStart, as they might not be fully initialized."
34,214,0,"Additional properties","The orientation of the screen. If its Width is greater than its Height, the orientation will be Layout.Horizontal; otherwise, it will be Layout.Vertical."
34,15,0,"Additional properties","A positive integer that classifies the size of the screen. The classification is determined by comparing the screen's Width property to the values in the App.SizeBreakpoints property. The ScreenSize type consists of four values (Small, Medium, Large, and ExtraLarge) that correspond to the integers 1 through 4."
34,44,0,"Additional properties","The width of the screen. If the app is responsive (Scale to fit is Off) and the device on which the app is running is narrower than this property, the screen can scroll horizontally."
35,63,0,"Additional properties","Label for screen readers."
35,3,0,"Additional properties","Whether the control allows user input (Edit), only displays data (View), or is disabled (Disabled)."
35,27,0,"Additional properties","The color of a control's border when the control is focused."
35,28,0,"Additional properties","The thickness of a control's border when the control is focused."
35,42,0,"Additional properties","The distance between a control's top and bottom edges."
35,34,0,"Additional properties","The background color of a control when the user keeps the mouse pointer on it."
35,35,0,"Additional properties","The color of a control's border when the user selects that control."
35,37,0,"Additional properties","The background color of a control when the user selects that control."
35,72,0,"Additional properties","Keyboard-navigation order in relation to other controls."
35,11,0,"Additional properties","Whether a control appears or is hidden."
35,44,0,"Additional properties","The distance between a control's left and right edges."
35,40,0,"Additional properties","The distance between the left edge of a control and the left edge of its parent container (screen if no parent container)."
35,41,0,"Additional properties","The distance between the top edge of a control and the top edge of the parent container (screen if no parent container)."
36,1,1,"Key properties","The initial value of a control before it is changed by the user."
36,206,1,"Key properties","The maximum value to which the user can set a slider or a rating."
36,215,1,"Key properties","The minimum value to which the user can set a slider."
36,10,1,"Key properties","The value of an input control."
36,63,0,"Additional properties","Label for screen readers."
36,21,0,"Additional properties","The color of a control's border."
36,22,0,"Additional properties","Whether a control's border is Solid, Dashed, Dotted, or None."
36,23,0,"Additional properties","The thickness of a control's border."
36,3,0,"Additional properties","Whether the control allows user input (Edit), only displays data (View), or is disabled (Disabled)."
36,29,0,"Additional properties","The color of a control's border if the control's DisplayMode property is set to Disabled."
36,27,0,"Additional properties","The color of a control's border when the control is focused."
36,28,0,"Additional properties","The thickness of a control's border when the control is focused."
36,216,0,"Additional properties","The color of the handle for a slider as the user changes its value."
36,217,0,"Additional properties","The color of the handle (the element that changes position) in a toggle or slider control."
36,218,0,"Additional properties","The color of the handle in a slider when the user keeps the mouse pointer on it."
36,219,0,"Additional properties","The diameter of the handle."
36,42,0,"Additional properties","The distance between a control's top and bottom edges."
36,32,0,"Additional properties","The color of a control's border when the user keeps the mouse pointer on that control."
36,205,0,"Additional properties","Whether the user scrolls through a gallery or adjusts a slider top to bottom (Vertical) or left to right (Horizontal)."
36,5,0,"Additional properties","Actions to perform when the user changes the value of a control (for example, by adjusting a slider)."
36,6,0,"Additional properties","Actions to perform when the user taps or clicks a control."
36,35,0,"Additional properties","The color of a control's border when the user taps or clicks that control."
36,220,0,"Additional properties","The background color of the rectangle in a toggle control when its value is false or the color of the line to the right of the handle in a slider control."
36,221,0,"Additional properties","When you hover on a toggle control or a slider, the background color of the rectangle in a toggle control when its value is false or the color of the line to the right of the handle in a slider control."
36,208,0,"Additional properties","Whether a user can change the value of a slider or rating control."
36,7,0,"Additional properties","Whether a control reverts to its default value."
36,209,0,"Additional properties","Whether a slider's or rating's value appears as the user changes that value or hovers over the control."
36,72,0,"Additional properties","Keyboard navigation order in relation to other controls."
36,9,0,"Additional properties","Explanatory text that appears when the user hovers over a control."
36,222,0,"Additional properties","The background color of the rectangle in a toggle control when its value is true or the color of the line to the left of the handle in a slider control."
36,223,0,"Additional properties","When you keep the mouse pointer on a toggle control or a slider, the background color of the rectangle in a toggle control when its value is true or the color of the line to the left of the handle in a slider control."
36,11,0,"Additional properties","Whether a control appears or is hidden."
36,44,0,"Additional properties","The distance between a control's left and right edges."
36,40,0,"Additional properties","The distance between the left edge of a control and the left edge of its parent container (screen if no parent container)."
36,41,0,"Additional properties","The distance between the top edge of a control and the top edge of the parent container (screen if no parent container)."
37,43,1,"Key properties","Set to true to allow the label to auto-grow its height to show all text. Set to false to truncate the text to the height assigned."
37,24,1,"Key properties","The color of text in a control."
37,12,1,"Key properties","The name of the family of fonts in which text appears."
37,8,1,"Key properties","Text that appears on a control or that the user types into a control."
37,2,1,"Key properties","Set to true to delay action during text input."
37,18,0,"Additional properties","The location of text in relation to the horizontal center of its control."
37,21,0,"Additional properties","The color of a control's border."
37,22,0,"Additional properties","Whether a control's border is Solid, Dashed, Dotted, or None."
37,23,0,"Additional properties","The thickness of a control's border."
37,3,0,"Additional properties","Whether the control allows user input (Edit), only displays data (View), or is disabled (Disabled)."
37,29,0,"Additional properties","The color of a control's border if the control's DisplayMode property is set to Disabled."
37,30,0,"Additional properties","The color of text in a control if its DisplayMode property is set to Disabled."
37,31,0,"Additional properties","The background color of a control if its DisplayMode property is set to Disabled."
37,26,0,"Additional properties","The background color of a control."
37,27,0,"Additional properties","The color of a control's border when the control is focused."
37,28,0,"Additional properties","The thickness of a control's border when the control is focused."
37,13,0,"Additional properties","The weight of the text in a control: Bold, Semibold, Normal, or Lighter."
37,42,0,"Additional properties","The distance between a control's top and bottom edges."
37,32,0,"Additional properties","The color of a control's border when the user keeps the mouse pointer on that control."
37,33,0,"Additional properties","The color of the text in a control when the user keeps the mouse pointer on it."
37,34,0,"Additional properties","The background color of a control when the user keeps the mouse pointer on it."
37,14,0,"Additional properties","Whether the text in a control is italic."
37,19,0,"Additional properties","The distance between, for example, lines of text or items in a list."
37,224,0,"Additional properties","How a screen reader announces changes to the value of the label's Text property."
37,6,0,"Additional properties","Actions to perform when the user taps or clicks a control."
37,225,0,"Additional properties","Whether a scrollbar appears in a label if its Wrap property is set to true and the value of the control's Text property contains more characters than the control can show at one time."
37,47,0,"Additional properties","The distance between text in a control and the bottom edge of that control."
37,48,0,"Additional properties","The distance between text in a control and the left edge of that control."
37,49,0,"Additional properties","The distance between text in a control and the right edge of that control."
37,50,0,"Additional properties","The distance between text in a control and the top edge of that control."
37,35,0,"Additional properties","The color of a control's border when the user taps or clicks that control."
37,36,0,"Additional properties","The color of text in a control when the user taps or clicks that control."
37,37,0,"Additional properties","The background color of a control when the user taps or clicks that control."
37,226,0,"Additional properties","The semantic role of the label text, such as Heading 1. Doesn't change the style of the label but makes the output semantically correct for interpretation by screen readers."
37,15,0,"Additional properties","The font size of the text that appears on a control."
37,16,0,"Additional properties","Whether a line appears through the text that appears on a control."
37,72,0,"Additional properties","Keyboard navigation order in relation to other controls."
37,9,0,"Additional properties","Explanatory text that appears when the user hovers over a control."
37,17,0,"Additional properties","Whether a line appears under the text that appears on a control."
37,20,0,"Additional properties","The location of text on a control in relation to the vertical center of that control."
37,11,0,"Additional properties","Whether a control appears or is hidden."
37,44,0,"Additional properties","The distance between a control's left and right edges."
37,227,0,"Additional properties","Whether the text should ever wrap to multiple lines."
37,40,0,"Additional properties","The distance between the left edge of a control and the left edge of its parent container (screen if no parent container)."
37,41,0,"Additional properties","The distance between the top edge of a control and the top edge of the parent container (screen if no parent container)."
38,1,1,"Key properties","The initial value of a control before it is changed by the user."
38,8,1,"Key properties","Text that appears on a control or that the user types into a control."
38,63,0,"Additional properties","Label for screen readers."
38,18,0,"Additional properties","The location of text in relation to the horizontal center of its control."
38,21,0,"Additional properties","The color of a control's border."
38,22,0,"Additional properties","Whether a control's border is Solid, Dashed, Dotted, or None."
38,23,0,"Additional properties","The thickness of a control's border."
38,228,0,"Additional properties","Whether a text-input control shows an ""X"" that the user can tap or click to clear the contents of that control. Only works in SingleLine mode."
38,24,0,"Additional properties","The color of text in a control."
38,2,0,"Additional properties","When set to true, user input is registered after half a second delay.  Useful for delaying expensive operations until user completes inputting text (i.e. for filtering when input is used in other formulas)."
38,3,0,"Additional properties","Whether the control allows user input (Edit), only displays data (View), or is disabled (Disabled)."
38,29,0,"Additional properties","The color of a control's border if the control's DisplayMode property is set to Disabled."
38,30,0,"Additional properties","The color of text in a control if its DisplayMode property is set to Disabled."
38,31,0,"Additional properties","The background color of a control if its DisplayMode property is set to Disabled."
38,210,0,"Additional properties","Whether a text-input control should use the browser spell check function. Power Apps for Windows doesn't support this property."
38,26,0,"Additional properties","The background color of a control."
38,27,0,"Additional properties","The color of a control's border when the control is focused."
38,28,0,"Additional properties","The thickness of a control's border when the control is focused."
38,12,0,"Additional properties","The name of the family of fonts in which text appears."
38,13,0,"Additional properties","The weight of the text in a control: Bold, Semibold, Normal, or Lighter."
38,130,0,"Additional properties","Whether the user input is restricted to numbers only or can be any text. When set to Number, only digits and certain numeric symbols can be entered. Supported symbols and formats depend on the browser language and cannot be set on individual controls."
38,42,0,"Additional properties","The distance between a control's top and bottom edges."
38,229,0,"Additional properties","Light-grey text that appears in an input-text control if it's empty."
38,32,0,"Additional properties","The color of a control's border when the user keeps the mouse pointer on that control."
38,33,0,"Additional properties","The color of the text in a control when the user keeps the mouse pointer on it."
38,34,0,"Additional properties","The background color of a control when the user keeps the mouse pointer on it."
38,14,0,"Additional properties","Whether the text in a control is italic."
38,19,0,"Additional properties","The distance between, for example, lines of text or items in a list."
38,230,0,"Additional properties","The number of characters that the user can type into a text-input control."
38,149,0,"Additional properties","The control is in SingleLine, Multiline, or Password mode."
38,5,0,"Additional properties","Actions to perform when the user changes the value of a control (for example, by adjusting a slider)."
38,6,0,"Additional properties","Actions to perform when the user taps or clicks a control."
38,47,0,"Additional properties","The distance between text in a control and the bottom edge of that control."
38,48,0,"Additional properties","The distance between text in a control and the left edge of that control."
38,49,0,"Additional properties","The distance between text in a control and the right edge of that control."
38,50,0,"Additional properties","The distance between text in a control and the top edge of that control."
38,35,0,"Additional properties","The color of a control's border when the user taps or clicks that control."
38,36,0,"Additional properties","The color of text in a control when the user taps or clicks that control."
38,37,0,"Additional properties","The background color of a control when the user taps or clicks that control."
38,51,0,"Additional properties","The degree to which the bottom-left corner of a control is rounded."
38,52,0,"Additional properties","The degree to which the bottom-right corner of a control is rounded."
38,53,0,"Additional properties","The degree to which the top-left corner of a control is rounded."
38,54,0,"Additional properties","The degree to which the top-right corner of a control is rounded."
38,7,0,"Additional properties","Whether a control reverts to its default value."
38,15,0,"Additional properties","The font size of the text that appears on a control."
38,16,0,"Additional properties","Whether a line appears through the text that appears on a control."
38,72,0,"Additional properties","Keyboard navigation order in relation to other controls."
38,9,0,"Additional properties","Explanatory text that appears when the user hovers over a control."
38,17,0,"Additional properties","Whether a line appears under the text that appears on a control."
38,231,0,"Additional properties","Type of virtual keyboard, text or numeric, that appears on an app user's touch screen. The Format property determines the default value. Device support varies. Devices that are running iOS must have at least version 12.2. The recommended version of Android is 9.0, and capabilities of numeric keyboards vary for Android devices. Windows 10 doesn't support this property."
38,11,0,"Additional properties","Whether a control appears or is hidden."
38,44,0,"Additional properties","The distance between a control's left and right edges."
38,40,0,"Additional properties","The distance between the left edge of a control and the left edge of its parent container (screen if no parent container)."
38,41,0,"Additional properties","The distance between the top edge of a control and the top edge of the parent container (screen if no parent container)."
39,232,1,"Key properties","How long a timer runs in milliseconds. The maximum is 24 hours expressed in milliseconds. Default is 60 seconds."
39,233,1,"Key properties","Actions to perform when a timer finishes running."
39,234,1,"Key properties","Whether a timer automatically restarts when it finishes running."
39,235,0,"Additional properties","The location of text in relation to the horizontal center of its control."
39,236,0,"Additional properties","Whether the timer control automatically pauses if the user navigates to a different screen."
39,237,0,"Additional properties","Whether the timer control automatically starts to play when the user navigates to the screen that contains that control."
39,238,0,"Additional properties","The color of a control's border."
39,239,0,"Additional properties","Whether a control's border is `Solid`, `Dashed`, `Dotted`, or `None`."
39,240,0,"Additional properties","The thickness of a control's border."
39,241,0,"Additional properties","The color of text in a control."
39,242,0,"Additional properties","Whether the control allows user input (`Edit`), only displays data (`View`), or is disabled (`Disabled`)."
39,243,0,"Additional properties","The color of a control's border if the control's `DisplayMode` property is set to `Disabled`."
39,244,0,"Additional properties","The color of text in a control if its `DisplayMode` property is set to `Disabled`."
39,245,0,"Additional properties","The background color of a control if its `DisplayMode` property is set to `Disabled`."
39,246,0,"Additional properties","The background color of a control."
39,247,0,"Additional properties","The color of a control's border when the control is focused."
39,248,0,"Additional properties","The thickness of a control's border when the control is focused."
39,249,0,"Additional properties","The name of the family of fonts in which text appears."
39,250,0,"Additional properties","The weight of the text in a control: `Bold`, `Semibold`, `Normal`, or `Lighter`."
39,251,0,"Additional properties","The distance between a control's top and bottom edges."
39,252,0,"Additional properties","The color of a control's border when the user keeps the mouse pointer on that control."
39,253,0,"Additional properties","The color of the text in a control when the user keeps the mouse pointer on it."
39,254,0,"Additional properties","The background color of a control when the user keeps the mouse pointer on it."
39,255,0,"Additional properties","Whether the text in a control is italic."
39,256,0,"Additional properties","Actions to perform when the user taps or clicks a control."
39,257,0,"Additional properties","Actions to perform when a timer starts to run."
39,258,0,"Additional properties","The color of a control's border when the user taps or clicks that control."
39,259,0,"Additional properties","The color of text in a control when the user taps or clicks that control."
39,260,0,"Additional properties","The background color of a control when the user taps or clicks that control."
39,261,0,"Additional properties","Whether a control reverts to its default value."
39,262,0,"Additional properties","The font size of the text that appears on a control."
39,263,0,"Additional properties","Whether the timer starts."
39,264,0,"Additional properties","Whether a line appears through the text that appears on a control."
39,265,0,"Additional properties","Keyboard navigation order in relation to other controls."
39,266,0,"Additional properties","Text that appears on a control or that the user types into a control."
39,267,0,"Additional properties","Explanatory text that appears when the user hovers over a control."
39,268,0,"Additional properties","Whether a line appears under the text that appears on a control."
39,269,0,"Additional properties","Whether a control appears or is hidden."
39,270,0,"Additional properties","The distance between a control's left and right edges."
39,271,0,"Additional properties","The distance between the left edge of a control and the left edge of its parent container (screen if no parent container)."
39,272,0,"Additional properties","The distance between the top edge of a control and the top edge of the parent container (screen if no parent container)."
40,1,1,"Key properties","The initial value of a control before it is changed by the user."
40,10,1,"Key properties","The value of an input control."
40,63,0,"Additional properties","Label for screen readers."
40,21,0,"Additional properties","The color of a control's border."
40,22,0,"Additional properties","Whether a control's border is Solid, Dashed, Dotted, or None."
40,23,0,"Additional properties","The thickness of a control's border."
40,3,0,"Additional properties","Whether the control allows user input (Edit), only displays data (View), or is disabled (Disabled)."
40,29,0,"Additional properties","The color of a control's border if the control's DisplayMode property is set to Disabled."
40,273,0,"Additional properties","The toggle fill color when the toggle is off."
40,274,0,"Additional properties","The toggle hover fill color when toggle is off."
40,275,0,"Additional properties","The text shown when the toggle is off."
40,26,0,"Additional properties","The background color of a control."
40,27,0,"Additional properties","The color of a control's border when the control is focused."
40,28,0,"Additional properties","The thickness of a control's border when the control is focused."
40,217,0,"Additional properties","The fill color of the toggle handle."
40,42,0,"Additional properties","The distance between a control's top and bottom edges."
40,32,0,"Additional properties","The color of a control's border when the user keeps the mouse pointer on that control."
40,5,0,"Additional properties","Actions to perform when the user changes the value of a control (for example, by adjusting a slider)."
40,117,0,"Additional properties","Actions to perform when the value of a checkbox or a toggle changes to true."
40,6,0,"Additional properties","Actions to perform when the user taps or clicks a control."
40,118,0,"Additional properties","Actions to perform when the value of a checkbox or a toggle changes to false."
40,35,0,"Additional properties","The color of a control's border when the user taps or clicks that control."
40,220,0,"Additional properties","The background color of the rectangle in a toggle control when its value is false or the color of the line to the right of the handle in a slider control."
40,221,0,"Additional properties","When you hover on a toggle control or a slider, the background color of the rectangle in a toggle control when its value is false or the color of the line to the right of the handle in a slider control."
40,7,0,"Additional properties","Whether a control reverts to its default value."
40,276,0,"Additional properties","Whether a text label is shown beside the toggle control."
40,72,0,"Additional properties","Keyboard navigation order in relation to other controls."
40,277,0,"Additional properties","Whether the label is to the left or the right of the toggle control."
40,9,0,"Additional properties","Explanatory text that appears when the user hovers over a control."
40,278,0,"Additional properties","Toggle fill color when the toggle is on."
40,279,0,"Additional properties","Toggle hover fill color when the toggle is on."
40,280,0,"Additional properties","Text shown when the toggle is on."
40,222,0,"Additional properties","The background color of the rectangle in a toggle control when its value is true or the color of the line to the left of the handle in a slider control."
40,223,0,"Additional properties","When you keep the mouse pointer on a toggle control or a slider, the background color of the rectangle in a toggle control when its value is true or the color of the line to the left of the handle in a slider control."
40,11,0,"Additional properties","Whether a control appears or is hidden."
40,44,0,"Additional properties","The distance between a control's left and right edges."
40,40,0,"Additional properties","The distance between the left edge of a control and the left edge of its parent container (screen if no parent container)."
40,41,0,"Additional properties","The distance between the top edge of a control and the top edge of the parent container (screen if no parent container)."
42,211,0,General,"The name of the person or entity. Name is used to determine the initials displayed when there's no image and is also used for accessibility."
42,56,0,General,"The visual representation for the person or entity."
42,281,0,General,"A small visual decoration added to convey status of the person or entity."
42,11,0,General,"Whether a control appears or is hidden."
42,40,0,"Size and position","The distance between the left edge of a control and the left edge of its parent container (screen if no parent container)."
42,41,0,"Size and position","The distance between the top edge of a control and the top edge of the parent container (screen if no parent container)."
42,44,0,"Size and position","The distance between a control's left and right edges."
42,42,0,"Size and position","The distance between a control's top and bottom edges."
42,282,0,"Style and theme","Whether the avatar appears with a circular or square shape."
42,283,0,"Style and theme","An avatar can have portions of itself styled for greater emphasis or to be subtle."
42,284,0,"Style and theme","The color palette applied to a control. This impacts all surfaces of the control that render a theme color. If the value is null or zero, then the color is driven by the selected Fluent theme."
42,12,0,"Style and theme","The name of the family of fonts in which text appears."
42,285,0,"Style and theme","The font size of the text that appears on a control. If the value is null or zero, then the font size is driven by selected Fluent theme."
42,286,0,"Style and theme","The color of text in a control."
42,13,0,"Style and theme","The weight of the text in a control: Bold, Lighter, Normal, or Semibold."
42,287,0,"Style and theme","Whether the text in a control is italic."
42,288,0,"Style and theme","Whether a line appears under the text that appears on a control."
42,289,0,"Style and theme","Whether a line appears through the text that appears on a control."
42,290,0,"Additional properties","Adjusts the Badge icon to show its corresponding ""out of office"" variant."
43,8,0,General,"Text that appears on the button. To change the button text, select the button and either:"
43,63,0,General,"Label for screen readers."
43,11,0,General,"Whether a control appears or is hidden."
43,3,0,Behavior,"Whether the control allows user input (Edit), only displays data (View), or is disabled (Disabled)."
43,40,0,"Size and position","The distance between the left edge of a control and the left edge of its parent container (screen if no parent container)."
43,41,0,"Size and position","The distance between the top edge of a control and the top edge of the parent container (screen if no parent container)."
43,44,0,"Size and position","The distance between a control's left and right edges."
43,42,0,"Size and position","The distance between a control's top and bottom edges."
43,283,0,"Style and theme","You can style a button's content and borders to make it stand out or to keep it subtle. This property accepts both static values and formulas that return text values. The available options are:"
43,284,0,"Style and theme","The color palette applied to a control. This color impacts all surfaces of the control that render a theme color. If you set the value to null or zero, the selected Fluent theme drives the color."
43,12,0,"Style and theme","The name of the family of fonts in which text appears."
43,285,0,"Style and theme","The font size of the text that appears on a control. If you set the value to null or zero, the selected Fluent theme drives the font size."
43,286,0,"Style and theme","The color of text in a control."
43,13,0,"Style and theme","The weight of the text in a control: Bold, Lighter, Normal, or Semibold."
43,287,0,"Style and theme","Whether the text in a control is italic."
43,288,0,"Style and theme","Whether a line appears under the text that appears on a control."
43,289,0,"Style and theme","Whether a line appears through the text that appears on a control."
43,291,0,"Additional properties","Determines whether the control can receive focus when the user navigates through the app by using the keyboard."
43,6,0,"Additional properties","Actions to perform when the user selects the control. Define what happens when someone clicks the button. To configure button actions:"
44,292,0,General,"Determines whether the card layout is vertical or horizontal"
44,293,0,General,"Header title text displayed on the card"
44,294,0,General,"Supplemental text displayed under or beside the title in the header"
44,295,0,General,"Description text displayed below the header of the card"
44,56,0,General,"Main preview image for the card"
44,296,0,General,"Alt text for the preview image for accessibility"
44,297,0,General,"Small avatar or icon displayed in the header with the title and subtitle"
44,298,0,General,"Alt text for the header image"
44,57,0,General,"Determines whether the preview image appears before or after the header section"
44,6,0,Behavior,"Action triggered when the user selects the card"
44,3,0,Behavior,"Controls whether the card is interactive, view‑only, or disabled"
44,11,0,Behavior,"Shows or hides the card"
44,299,0,"Style and theme","Controls corner roundness of the card container"
44,300,0,"Style and theme","Defines the shadow style applied to the card"
44,301,0,"Size and position","Position of the control on the canvas"
44,302,0,"Size and position","Dimensions of the control"
45,303,0,General,"The Checkbox's label."
45,63,0,General,"Label for screen readers."
45,11,0,General,"Whether a control appears or is hidden."
45,304,0,Behavior,"The controlled value for the checkbox."
45,3,0,Behavior,"Whether the control allows user input (Edit), only displays data (View), or is disabled (Disabled)."
45,40,0,"Size and position","The distance between the left edge of a control and the left edge of its parent container (screen if no parent container)."
45,41,0,"Size and position","The distance between the top edge of a control and the top edge of the parent container (screen if no parent container)."
45,44,0,"Size and position","The distance between a control's left and right edges."
45,42,0,"Size and position","The distance between a control's top and bottom edges."
45,284,0,"Style and theme","The color palette applied to a control. This impacts all surfaces of the control that render a theme color."
45,12,0,"Style and theme","The name of the family of fonts in which text appears."
45,285,0,"Style and theme","The font size of the text that appears on a control. If the value is null or zero, then the font size is driven by selected Fluent theme."
45,286,0,"Style and theme","The color of text in a control."
45,13,0,"Style and theme","The weight of the text in a control: Bold, Lighter, Normal, or Semibold."
45,287,0,"Style and theme","Whether the text in a control is italic."
45,288,0,"Style and theme","Whether a line appears under the text that appears on a control."
45,289,0,"Style and theme","Whether a line appears through the text that appears on a control."
45,117,0,"Additional properties","Actions to perform when the user checks the control."
45,6,0,"Additional properties","Actions to perform when the user selects a control."
45,118,0,"Additional properties","Actions to perform when the user unchecks the control."
46,4,0,General,"The data source that contains the items shown in the combo box. Can be a collection, table, or Power Fx formula that returns a table."
46,305,0,General,"A formula that determines what text to display for each item in the dropdown list. Use `ThisItem` to reference the current item. Example: `ThisItem.DisplayName` or `ThisItem.Value1`."
46,119,0,General,"The initial items selected in the control before the user makes a change. Must be a table of records from the Items data source."
46,126,0,General,"Hint text that appears in the input field when no items are selected. Default is ""Find items""."
46,11,0,General,"Whether the control appears or is hidden. Use a Power Fx formula to show or hide the control based on app state."
46,122,0,Behavior,"Whether users can select multiple items. When `true`, users can select multiple items and each selected item can be toggled on or off by clicking it again. When `false`, only one item can be selected at a time. Default is true."
46,123,0,Behavior,"Whether the search box is enabled. When `true`, users can type to filter the list. When `false`, the control acts as a simple dropdown without search. Default is true."
46,5,0,Behavior,"How the app responds when the user selects or deselects an item. This event fires immediately on every selection or deselection, making it ideal for real-time filtering or dependent dropdowns."
46,306,0,Behavior,"(Display property) A toggle that controls whether users can select multiple items. Maps to the SelectMultiple property."
46,307,0,Behavior,"(Display property) A toggle that controls whether search is enabled. Maps to the IsSearchable property."
46,3,0,Behavior,"Whether the control allows user input (Edit), only displays data (View), or is disabled (Disabled). In View mode, the selection is shown but can't be changed."
46,2,0,Behavior,"When set to `true`, delays the OnChange event until the user clicks outside the control or presses Enter. When `false`, OnChange fires immediately on each selection. Default is false."
46,40,0,"Size and position","Distance between the left edge of the control and the left edge of its parent container (screen if no parent container)."
46,41,0,"Size and position","Distance between the top edge of the control and the top edge of its parent container (screen if no parent container)."
46,44,0,"Size and position","Distance between the control's left and right edges. Default is 320."
46,42,0,"Size and position","Distance between the control's top and bottom edges. Default is 32."
46,50,0,"Size and position","Distance between the text and the top edge of the control."
46,47,0,"Size and position","Distance between the text and the bottom edge of the control."
46,48,0,"Size and position","Distance between the text and the left edge of the control."
46,49,0,"Size and position","Distance between the text and the right edge of the control."
46,283,0,"Style and theme","The visual style of the control. Accepts `Appearance` enum values:"
46,284,0,"Style and theme","The base color used by the theme to generate the control's color palette. Changes this property to apply a different theme color to the control."
46,12,0,"Style and theme","The name of the font family in which text appears."
46,15,0,"Style and theme","The font size of the text, in points. Default is 14."
46,24,0,"Style and theme","The color of the text in the control."
46,13,0,"Style and theme","The weight (thickness) of the text. Accepts `FontWeight` enum values:"
46,14,0,"Style and theme","Whether the text appears in italic style."
46,17,0,"Style and theme","Whether a line appears under the text."
46,16,0,"Style and theme","Whether a line appears through the middle of the text."
46,26,0,"Style and theme","The background fill color of the control."
46,21,0,"Style and theme","The color of the control's border."
46,22,0,"Style and theme","The style of the control's border. Accepts `BorderStyle` enum values: `BorderStyle.Solid`, `BorderStyle.Dashed`, `BorderStyle.Dotted`, or `BorderStyle.None`."
46,23,0,"Style and theme","The thickness of the control's border in pixels."
46,53,0,"Style and theme","The corner radius for the top-left corner of the control."
46,54,0,"Style and theme","The corner radius for the top-right corner of the control."
46,51,0,"Style and theme","The corner radius for the bottom-left corner of the control."
46,52,0,"Style and theme","The corner radius for the bottom-right corner of the control."
46,63,0,Accessibility,"A label for screen readers to announce what the control is for. Describe the purpose of the combo box, not the current selection."
46,72,0,Accessibility,"The tab order of the control relative to other controls. Controls with lower TabIndex values receive focus before controls with higher values."
47,308,1,"Key properties","The Copilot answer control only supports Dataverse as the data source. The answer to the question comes from the Dataverse table that you select."
47,309,1,"Key properties","A user can select any of the views that are available in the data source."
47,310,1,"Key properties","Default list of fields available for the table. Users can select Edit to see the list of fields. They can also add or modify the fields based on their requirements."
47,293,1,"Key properties","A label that is displayed at the top of the Copilot answer control."
47,311,1,"Key properties","This is the question a maker asks the Copilot answer control. The question is used as the prompt to generate a response that is displayed by the answer control that's based on the selected Data source property."
47,312,0,"Additional properties","Should the Copilot answer control answer a question when the user clicks on the ‘Arrow’ icon (After sending) or as soon as the control loads when the question is defined in the properties window (Immediate)."
47,3,0,"Additional properties","Whether the control allows user input (Edit), only displays data (View), or is disabled (Disabled)."
47,313,0,"Additional properties","Whether a control appears or is hidden."
47,40,0,"Additional properties","The distance between the left edge of a control and the left edge of its parent container (screen if no parent container)."
47,41,0,"Additional properties","The distance between the top edge of a control and the top edge of the parent container (screen if no parent container)."
47,15,0,"Additional properties","The size of the control on the canvas"
48,314,0,General,"Hint text that appears when no date is selected. Default is ""Select a date""."
48,128,0,General,"The initial date selected in the control before the user makes a change. Use this property to set a default date when the picker first loads."
48,130,0,General,"The display format for the selected date. Accepts `DatePickerFormat` enum values or a custom format string:"
48,132,0,General,"The timezone used for date display and storage. Accepts `DateTimeZone` enum values:"
48,11,0,General,"Whether the control appears or is hidden. Use a Power Fx formula to show or hide the control based on app state."
48,5,0,Behavior,"How the app responds when the user selects a different date. This event fires when the date selection changes."
48,3,0,Behavior,"Whether the control allows user input (Edit), only displays data (View), or is disabled (Disabled). In View mode, the selected date is shown but the calendar can't be opened."
48,136,0,Behavior,"Whether the user can type a date directly into the input field or must use the calendar picker. When `false`, users must select the calendar icon to choose a date. Default is false."
48,40,0,"Size and position","Distance between the left edge of the control and the left edge of its parent container (screen if no parent container)."
48,41,0,"Size and position","Distance between the top edge of the control and the top edge of its parent container (screen if no parent container)."
48,44,0,"Size and position","Distance between the control's left and right edges. Default is 320."
48,42,0,"Size and position","Distance between the control's top and bottom edges. Default is 32."
48,50,0,"Size and position","Distance between the text and the top edge of the control."
48,47,0,"Size and position","Distance between the text and the bottom edge of the control."
48,48,0,"Size and position","Distance between the text and the left edge of the control."
48,49,0,"Size and position","Distance between the text and the right edge of the control."
48,283,0,"Style and theme","The visual style of the control. Accepts `Appearance` enum values:"
48,284,0,"Style and theme","The base color used by the theme to generate the control's color palette. Change this property to apply a different theme color to the control."
48,12,0,"Style and theme","The name of the font family in which text appears."
48,15,0,"Style and theme","The font size of the text, in points. Default is 0 (uses theme default)."
48,24,0,"Style and theme","The color of the text in the control."
48,13,0,"Style and theme","The weight (thickness) of the text. Accepts `FontWeight` enum values:"
48,14,0,"Style and theme","Whether the text appears in italic style."
48,17,0,"Style and theme","Whether a line appears under the text."
48,16,0,"Style and theme","Whether a line appears through the middle of the text."
48,26,0,"Style and theme","The background fill color of the control."
48,21,0,"Style and theme","The color of the control's border."
48,22,0,"Style and theme","The style of the control's border. Accepts `BorderStyle` enum values: `BorderStyle.Solid`, `BorderStyle.Dashed`, `BorderStyle.Dotted`, or `BorderStyle.None`."
48,23,0,"Style and theme","The thickness of the control's border in pixels."
48,53,0,"Style and theme","The corner radius for the top-left corner of the control."
48,54,0,"Style and theme","The corner radius for the top-right corner of the control."
48,51,0,"Style and theme","The corner radius for the bottom-left corner of the control."
48,52,0,"Style and theme","The corner radius for the bottom-right corner of the control."
48,63,0,Accessibility,"A label for screen readers to announce what the control is for. It should describe the purpose of the date picker, not the current selection."
48,100,0,Accessibility,"The language used for formatting dates and calendar display. The app settings provide the value if you don't specify it."
49,4,0,General,"The source of data that contains the items that appear in the control."
49,63,0,General,"Label for screen readers"
49,11,0,General,"Whether a control appears or is hidden"
49,110,0,Behavior,"Specifies if the field must be filled in."
49,3,0,Behavior,"Specifies whether the control lets the user enter data (Edit), only shows data (View), or is disabled (Disabled)."
49,40,0,"Size and position","The distance from the left edge of a control to the left edge of its parent container (or the screen if there's no parent container)."
49,41,0,"Size and position","The distance from the top edge of a control to the top edge of its parent container (or the screen if there's no parent container)."
49,44,0,"Size and position","The distance between a control's left and right edges."
49,42,0,"Size and position","The distance between a control's top and bottom edges."
49,284,0,"Style and theme","The color palette applied to a control. It affects all surfaces of the control that show a theme color."
49,285,0,"Style and theme","The font size of the text that appears on a control. If the value is null or zero, the font size comes from the selected Fluent theme."
49,5,0,"Additional properties","Actions that run when the user changes the value of a control."
49,315,0,"Additional properties","The control has two states: Error and None. When the error state is selected, the control’s border is highlighted in red."
49,119,0,"Additional properties","The initial value of a control before the user selects a different value."
50,316,0,General,"The information text displayed in the flyout when the user clicks or hovers over the info button icon. Supports plain text and formatted content."
50,11,0,General,"Whether the control appears or is hidden. Use a Power Fx formula to show or hide the control based on app state."
50,6,0,Behavior,"How the app responds when the user clicks the info button. Use this property to trigger extra actions beyond showing the flyout, such as logging analytics or updating variables."
50,3,0,Behavior,"Whether the control allows user input (Edit), only displays data (View), or is disabled (Disabled). In View mode, the icon is shown but the flyout can't be opened."
50,40,0,"Size and position","Distance between the left edge of the control and the left edge of its parent container. If there's no parent container, the screen acts as the parent."
50,41,0,"Size and position","Distance between the top edge of the control and the top edge of its parent container. If there's no parent container, the screen acts as the parent."
50,44,0,"Size and position","Distance between the control's left and right edges. The default value is 32."
50,42,0,"Size and position","Distance between the control's top and bottom edges. The default value is 32."
50,50,0,"Size and position","Distance between the icon and the top edge of the control."
50,47,0,"Size and position","Distance between the icon and the bottom edge of the control."
50,48,0,"Size and position","Distance between the icon and the left edge of the control."
50,49,0,"Size and position","Distance between the icon and the right edge of the control."
50,284,0,"Style and theme","The base color that the theme uses to generate the control's color palette. Change this property to apply a different theme color to the control."
50,12,0,"Style and theme","The name of the font family used for text in the flyout content."
50,15,0,"Style and theme","The font size of text in the flyout, in points. The default is 15."
50,24,0,"Style and theme","The color of text in the flyout content."
50,13,0,"Style and theme","The weight (thickness) of text in the flyout. Accepts `FontWeight` enum values:"
50,14,0,"Style and theme","Whether the text in the flyout appears in italic style."
50,17,0,"Style and theme","Whether a line appears under the text in the flyout."
50,16,0,"Style and theme","Whether a line appears through the middle of the text in the flyout."
50,317,0,"Style and theme","The color of the information icon button itself. Use this value to match your app's theme or draw attention to important information."
50,63,0,Accessibility,"A label for screen readers to announce what the info button provides information about. It should describe the purpose or topic of the information, not just ""info button""."
50,100,0,Accessibility,"The language used for the flyout content. If you don't specify this property, the app settings provide the language."
51,8,0,General,"The display text shown for the hyperlink. This is the text users see and click on. Can be different from the actual URL."
51,318,0,General,"The web address to go to when the link is clicked. Must be a valid URL that uses `http://`, `https://`, or other safe protocols. For security, the control blocks URLs that use `javascript:` or other unsafe schemes."
51,11,0,General,"Whether the control appears or is hidden. Use a Power Fx formula to show or hide the control based on app state."
51,227,0,Behavior,"Whether the text wraps to the next line when it goes beyond the control width. When `true`, text wraps to multiple lines. When `false`, text is clipped or continues on a single line. Default is true."
51,3,0,Behavior,"Whether the control accepts user input (Edit), only displays data (View), or is disabled (Disabled). In Edit mode, the link is clickable. In View mode, it displays as text without being clickable."
51,18,0,"Size and position","The horizontal alignment of text within the control. Accepts `Align` enum values:"
51,20,0,"Size and position","The vertical alignment of text within the control. Accepts `VerticalAlign` enum values:"
51,43,0,"Size and position","Whether the control automatically increases its height when the text content exceeds the visible area."
51,40,0,"Size and position","Distance between the left edge of the control and the left edge of its parent container (screen if no parent container)."
51,41,0,"Size and position","Distance between the top edge of the control and the top edge of its parent container (screen if no parent container)."
51,44,0,"Size and position","Distance between the control's left and right edges. Default is 150."
51,42,0,"Size and position","Distance between the control's top and bottom edges. Default is 32."
51,50,0,"Size and position","Distance between the text and the top edge of the control. Default is 5."
51,47,0,"Size and position","Distance between the text and the bottom edge of the control. Default is 5."
51,48,0,"Size and position","Distance between the text and the left edge of the control. Default is 5."
51,49,0,"Size and position","Distance between the text and the right edge of the control. Default is 5."
51,183,0,"Style and theme","The visual style of the link. Accepts `LinkAppearance` enum values:"
51,284,0,"Style and theme","The base color the theme uses to generate the control's color palette. Change this property to apply a different theme color to the control."
51,12,0,"Style and theme","The name of the font family for the text."
51,15,0,"Style and theme","The font size of the text, in points. Default is 15."
51,24,0,"Style and theme","The color of the link text in the control."
51,13,0,"Style and theme","The weight (thickness) of the text. Accepts `FontWeight` enum values:"
51,14,0,"Style and theme","Whether the text appears in italic style."
51,17,0,"Style and theme","Whether a line appears under the text. Links typically have underlines by default."
51,16,0,"Style and theme","Whether a line appears through the middle of the text."
51,26,0,"Style and theme","The background fill color of the control."
51,21,0,"Style and theme","The color of the control's border."
51,22,0,"Style and theme","The style of the control's border. Accepts `BorderStyle` enum values: `BorderStyle.Solid`, `BorderStyle.Dashed`, `BorderStyle.Dotted`, or `BorderStyle.None`."
51,23,0,"Style and theme","The thickness of the control's border in pixels."
51,53,0,"Style and theme","The corner radius for the top-left corner of the control."
51,54,0,"Style and theme","The corner radius for the top-right corner of the control."
51,51,0,"Style and theme","The corner radius for the bottom-left corner of the control."
51,52,0,"Style and theme","The corner radius for the bottom-right corner of the control."
51,63,0,Accessibility,"A label for screen readers to announce what the link leads to. Use a description of the destination or purpose of the link, not just ""link""."
51,100,0,Accessibility,"The language used for the link text. Inherits from app settings if you don't specify it."
52,1,0,General,"The initial value displayed when the control first loads. Use this value to set a default numeric value before user interaction."
52,10,0,General,"The current numeric value in the control. This value is the output property you reference in formulas to get the user's entered number."
52,229,0,General,"Placeholder text displayed in the input field when it's empty. Use this text to guide users on what value to enter."
52,11,0,General,"Whether the control appears or is hidden. Use a Power Fx formula to show or hide the control based on app state."
52,5,0,Behavior,"How the app responds when the user changes the value. This event fires when the user moves focus away from the control (on blur) or clicks the increment or decrement step buttons, not on every keystroke."
52,215,0,Behavior,"The minimum allowed value. Users can't enter or step below this number. The control shows a validation error if the user attempts to enter a value below the minimum."
52,206,0,Behavior,"The maximum allowed value. Users can't enter or step above this number. The control shows a validation error if the user attempts to enter a value above the maximum."
52,319,0,Behavior,"The increment or decrement amount when users click the step up or down buttons. Default is 1."
52,320,0,Behavior,"The number of decimal places to display and allow. Accepts `DecimalPrecision` enum values:"
52,315,0,Behavior,"The visual validation state of the control. Accepts `ValidationState` enum values:"
52,3,0,Behavior,"Whether the control allows user input (Edit), only displays data (View), or is disabled (Disabled). In View mode, the value is shown but can't be edited."
52,18,0,"Size and position","The horizontal alignment of text within the control. Accepts `Align` enum values:"
52,40,0,"Size and position","Distance between the left edge of the control and the left edge of its parent container (screen if no parent container)."
52,41,0,"Size and position","Distance between the top edge of the control and the top edge of its parent container (screen if no parent container)."
52,44,0,"Size and position","Distance between the control's left and right edges. Default is 320."
52,42,0,"Size and position","Distance between the control's top and bottom edges. Default is 32."
52,50,0,"Size and position","Distance between the text and the top edge of the control."
52,47,0,"Size and position","Distance between the text and the bottom edge of the control."
52,48,0,"Size and position","Distance between the text and the left edge of the control."
52,49,0,"Size and position","Distance between the text and the right edge of the control."
52,283,0,"Style and theme","The visual style of the control. Accepts `Appearance` enum values:"
52,284,0,"Style and theme","The base color that the theme uses to generate the control's color palette. Change this property to apply a different theme color to the control."
52,12,0,"Style and theme","The name of the font family for the text."
52,15,0,"Style and theme","The font size of the text, in points."
52,24,0,"Style and theme","The color of the text in the control."
52,26,0,"Style and theme","The background fill color of the control."
52,21,0,"Style and theme","The color of the control's border."
52,22,0,"Style and theme","The style of the control's border. Accepts `BorderStyle` enum values: `BorderStyle.Solid`, `BorderStyle.Dashed`, `BorderStyle.Dotted`, or `BorderStyle.None`."
52,23,0,"Style and theme","The thickness of the control's border in pixels."
52,53,0,"Style and theme","The corner radius for the top-left corner of the control."
52,54,0,"Style and theme","The corner radius for the top-right corner of the control."
52,51,0,"Style and theme","The corner radius for the bottom-left corner of the control."
52,52,0,"Style and theme","The corner radius for the bottom-right corner of the control."
52,63,0,Accessibility,"A label for screen readers to announce what the input field is for. Describe the type of numeric data expected, such as ""Product quantity"" or ""Age in years""."
52,100,0,Accessibility,"The language used for the input text. If you don't specify this property, the app settings provide the value."
53,10,0,General,"Number between 0 and 'max', which specifies how much of the task is completed. Only applicable for determinate state."
53,206,0,General,"The maximum value, which indicates the task is complete. The ProgressBar bar is full when value equals max. This is useful when you want to show capacity or how much of the total is uploaded or downloaded."
53,63,0,General,"Label for screen readers."
53,11,0,General,"Whether a control appears or is hidden."
53,321,0,Behavior,"Set the bar to determinate or indeterminate. In the indeterminate state the value property and max property aren't honored."
53,40,0,"Size and position","The distance between the left edge of a control and the left edge of its parent container (screen if no parent container)."
53,41,0,"Size and position","The distance between the top edge of a control and the top edge of the parent container (screen if no parent container)."
53,44,0,"Size and position","The distance between a control's left and right edges."
53,42,0,"Size and position","The distance between a control's top and bottom edges."
53,322,0,"Style and theme","For determinate state only, the color prop can be used to indicate a ""brand"" state (default), ""error"" state (red), ""warning"" state (orange), or ""success"" state (green). For indeterminate state, ProgressColor falls back to BasePaletteColor regardless of selected color."
53,323,0,"Style and theme","The thickness of the progress bar. Current options are only medium and large."
53,282,0,"Style and theme","The shape of the bar and track. The shape property affects the corners of the bar."
53,284,0,"Style and theme","The color palette applied to a control. This impacts all surfaces of the control that render a theme color. If the value is null or zero, then the color is driven by selected Fluent theme."
53,5,0,"Additional properties","Actions to perform when the value of control gets updated."
53,3,0,"Additional properties","Whether the control allows user input (Edit), only displays data (View), or is disabled (Disabled)."
54,10,0,General,"The default and current value of slider control. Many modern controls use single property to manage default and the output updated by users."
54,215,0,General,"The minimum value to which the user can set a slider."
54,206,0,General,"The maximum value to which the user can set a slider or a rating."
54,63,0,General,"Label for screen readers."
54,11,0,General,"Whether a control appears or is hidden."
54,3,0,Behavior,"Whether the control allows user input (Edit), only displays data (View), or is disabled (Disabled)."
54,205,0,"Size and position","Whether the user scrolls through a gallery or adjusts a slider top to bottom (Vertical) or left to right (Horizontal)."
54,15,0,"Size and position","The size of the control on the canvas."
54,40,0,"Size and position","The distance between the left edge of a control and the left edge of its parent container (screen if no parent container)."
54,41,0,"Size and position","The distance between the top edge of a control and the top edge of the parent container (screen if no parent container)."
54,44,0,"Size and position","The distance between a control's left and right edges."
54,42,0,"Size and position","The distance between a control's top and bottom edges."
54,284,0,"Style and theme","The color palette applied to a control. This impacts all surfaces of the control that render a theme color. If the value is null or zero, then the color is driven by selected Fluent theme."
54,5,0,"Additional properties","Actions to perform when the user changes the value of a control such as by adjusting a slider."
55,303,0,General,"The label to the spinner. The label slot receives the styling related to the text associated with the Spinner."
55,63,0,General,"Label for screen readers."
55,11,0,General,"Whether a control appears or is hidden."
55,324,0,"Size and position","Where the label is positioned relative to the spinner."
55,325,0,"Size and position","The size of the spinner."
55,40,0,"Size and position","The distance between the left edge of a control and the left edge of its parent container (screen if no parent container)."
55,41,0,"Size and position","The distance between the top edge of a control and the top edge of the parent container (screen if no parent container)."
55,44,0,"Size and position","The distance between a control's left and right edges."
55,42,0,"Size and position","The distance between a control's top and bottom edges."
55,283,0,"Style and theme","The appearance of the Spinner. Primary or Inverted."
55,284,0,"Style and theme","The color palette applied to a control. This impacts all surfaces of the control that render a theme color."
55,12,0,"Style and theme","The name of the family of fonts in which text appears."
55,285,0,"Style and theme","The font size of the text that appears on a control. If the value is null or zero, then the font size is driven by selected Fluent theme."
55,286,0,"Style and theme","The color of text in a control."
55,13,0,"Style and theme","The weight of the text in a control: Bold, Lighter, Normal, or Semibold."
55,287,0,"Style and theme","Whether the text in a control is italic."
55,288,0,"Style and theme","Whether a line appears under the text that appears on a control."
55,289,0,"Style and theme","Whether a line appears through the text that appears on a control."
55,3,0,"Additional properties","Whether the control allows user input (Edit), only displays data (View), or is disabled (Disabled)."
55,5,0,"Additional properties","Actions to perform when the user changes the value of a control."
56,4,0,General,"The source of data for the items that appear in the table."
56,326,0,General,"The message shown to a user when there are no records to show in the Table control."
56,11,0,General,"Whether a control appears or is hidden."
56,327,0,Behavior,"The default responsive behavior of the table. Reflow means the table displays in tabular form when the control is 480 or more pixels wide and transitions to a list format in narrower conditions. GridOnly (or ListOnly) means the table always displays in a tabular (or list) format regardless of the control width, and you can use Power Fx formulas to create your own breakpoints for defining the responsive behavior of the table."
56,328,0,Behavior,"Allows users to sort the data in the table by using dropdowns from the column headers for supported data types."
56,329,0,Behavior,"Whether users can select a portion of the table to copy its values. Default is Yes."
56,40,0,"Size and position","The distance between the left edge of a control and the left edge of its parent container (screen if no parent container)."
56,41,0,"Size and position","The distance between the top edge of a control and the top edge of the parent container (screen if no parent container)."
56,44,0,"Size and position","The distance between a control's left and right edges."
56,42,0,"Size and position","The distance between a control's top and bottom edges."
56,330,0,"Style and theme","The font of the column headings."
56,331,0,"Style and theme","The font size of the column headings."
56,332,0,"Style and theme","The text color for the column headings."
56,333,0,"Style and theme","The font weight of the column headings."
56,284,0,"Style and theme","The color palette applied to a control. This impacts all surfaces of the control that render a theme color."
56,12,0,"Style and theme","The name of the family of fonts in which text appears."
56,285,0,"Style and theme","The font size of the text that appears on a control. If the value is null or zero, then the font size is driven by selected Fluent theme."
56,286,0,"Style and theme","The color of text in a control."
56,13,0,"Style and theme","The weight of the text in a control: Bold, Lighter, Normal, or Semibold."
56,121,0,"Additional properties","The selected row in the Table control."
56,3,0,"Additional properties","Whether the control allows user input (Edit), only displays data (View), or is disabled (Disabled)."
56,6,0,"Additional properties","Defines the action triggered when a single record is selected."
56,334,0,"Additional properties","Whether the user’s avatar appears or is hidden in the list mode."
56,335,0,"Additional properties","Whether the column headers appear or are hidden."
56,336,0,"Additional properties","Whether the footer appears or is hidden."
56,15,0,"Additional properties","The size of the control on the canvas."
56,63,0,"Additional properties","Label for screen readers."
57,4,0,General,"The data source that provides the list of tabs to display. Can be a table, collection, or list of values. Each item becomes a clickable tab header."
57,1,0,General,"The tab that is selected by default when the control first loads. Must match an item from the Items source."
57,121,0,General,"The currently selected tab (output property). Use this in formulas to reference which tab the user chooses and to control visibility of content sections."
57,11,0,General,"Whether the control appears or is hidden. Use a Power Fx formula to show or hide the control based on app state."
57,5,0,Behavior,"How the app responds when the user clicks a different tab. This event fires every time the selected tab changes. Use this value to update variables, load data, or track navigation."
57,6,0,Behavior,"How the app responds when the user clicks any tab (including the currently selected one). Use this value for additional interactions beyond navigation."
57,3,0,Behavior,"Whether the control allows user input (Edit), only displays data (View), or is disabled (Disabled). In View mode, tabs are displayed but can't be clicked."
57,18,0,"Size and position","The horizontal alignment of tab text within each tab button. Accepts `Align` enum values:"
57,337,0,"Size and position","The alignment and positioning of the entire tab list. Accepts `TabListAlignment` enum values:"
57,40,0,"Size and position","Distance between the left edge of the control and the left edge of its parent container. If the control has no parent container, the screen acts as the parent container."
57,41,0,"Size and position","Distance between the top edge of the control and the top edge of its parent container. If the control has no parent container, the screen acts as the parent container."
57,44,0,"Size and position","Distance between the control's left and right edges. Default is 300."
57,42,0,"Size and position","Distance between the control's top and bottom edges. Default is 60."
57,50,0,"Size and position","Distance between the tab text and the top edge of each tab button."
57,47,0,"Size and position","Distance between the tab text and the bottom edge of each tab button."
57,48,0,"Size and position","Distance between the tab text and the left edge of each tab button."
57,49,0,"Size and position","Distance between the tab text and the right edge of each tab button."
57,283,0,"Style and theme","The visual style of the tabs. Accepts `TabListAppearance` enum values:"
57,12,0,"Style and theme","The name of the font family for the tab text."
57,15,0,"Style and theme","The font size of the tab text, in points."
57,24,0,"Style and theme","The color of the tab text in the control."
57,13,0,"Style and theme","The weight (thickness) of the tab text. Accepts `FontWeight` enum values:"
57,14,0,"Style and theme","Whether the tab text appears in italic style."
57,17,0,"Style and theme","Whether a line appears under the tab text."
57,16,0,"Style and theme","Whether a line appears through the middle of the tab text."
57,21,0,"Style and theme","The color of the borders around tabs (when applicable based on Appearance)."
57,22,0,"Style and theme","The style of the tab borders. Accepts `BorderStyle` enum values: `BorderStyle.Solid`, `BorderStyle.Dashed`, `BorderStyle.Dotted`, or `BorderStyle.None`."
57,23,0,"Style and theme","The thickness of the tab borders in pixels."
57,53,0,"Style and theme","The corner radius for the top-left corner of tab buttons."
57,54,0,"Style and theme","The corner radius for the top-right corner of tab buttons."
57,51,0,"Style and theme","The corner radius for the bottom-left corner of tab buttons."
57,52,0,"Style and theme","The corner radius for the bottom-right corner of tab buttons."
57,63,0,Accessibility,"A label for screen readers to announce what the tab list represents. It should describe the category or sections being navigated (for example, ""Product information sections"" or ""Report views"")."
57,100,0,Accessibility,"The language used for the tab text. If you don't specify this property, the app settings provide the value."
58,1,0,General,"The initial text displayed when the control first loads. Use this to set a default value before user interaction."
58,8,0,General,"The current text value in the control (output property). This is what you reference in formulas to get the user's entered text."
58,314,0,General,"Hint text displayed in the input field when it's empty. Use this to guide users on what to enter. Default is ""Enter text""."
58,11,0,General,"Whether the control appears or is hidden. Use a Power Fx formula to show or hide the control based on app state."
58,5,0,Behavior,"How the app responds when the user changes the text. This event fires when the user moves focus away from the control (on blur), not on every keystroke. This improves performance and prevents issues with rapid formula execution."
58,6,0,Behavior,"How the app responds when the user clicks or taps inside the control."
58,183,0,Behavior,"The input mode for the text field. Accepts `TextInputType` enum values:"
58,338,0,Behavior,"Controls when the Text output property updates. Accepts `TriggerOutput` enum values:"
58,230,0,Behavior,"The maximum number of characters allowed in the input field. Users cannot type beyond this limit."
58,110,0,Behavior,"Whether the user must enter text before submitting a form. When `true`, the control shows validation styling if left empty."
58,315,0,Behavior,"The visual validation state of the control. Accepts `ValidationState` enum values:"
58,3,0,Behavior,"Whether the control allows user input (Edit), only displays data (View), or is disabled (Disabled). In View mode, the text is shown but cannot be edited (truly read-only)."
58,18,0,"Size and position","The horizontal alignment of text within the control. Accepts `Align` enum values:"
58,40,0,"Size and position","Distance between the left edge of the control and the left edge of its parent container (screen if no parent container)."
58,41,0,"Size and position","Distance between the top edge of the control and the top edge of its parent container (screen if no parent container)."
58,44,0,"Size and position","Distance between the control's left and right edges. Default is 320."
58,42,0,"Size and position","Distance between the control's top and bottom edges. Default is 32."
58,50,0,"Size and position","Distance between the text and the top edge of the control."
58,47,0,"Size and position","Distance between the text and the bottom edge of the control."
58,48,0,"Size and position","Distance between the text and the left edge of the control."
58,49,0,"Size and position","Distance between the text and the right edge of the control."
58,283,0,"Style and theme","The visual style of the control. Accepts `Appearance` enum values:"
58,284,0,"Style and theme","The base color used by the theme to generate the control's color palette. Changes this property to apply a different theme color to the control."
58,12,0,"Style and theme","The name of the font family in which text appears."
58,15,0,"Style and theme","The font size of the text, in points."
58,24,0,"Style and theme","The color of the text in the control."
58,13,0,"Style and theme","The weight (thickness) of the text. Accepts `FontWeight` enum values:"
58,14,0,"Style and theme","Whether the text appears in italic style."
58,17,0,"Style and theme","Whether a line appears under the text."
58,16,0,"Style and theme","Whether a line appears through the middle of the text."
58,26,0,"Style and theme","The background fill color of the control."
58,21,0,"Style and theme","The color of the control's border."
58,22,0,"Style and theme","The style of the control's border. Accepts `BorderStyle` enum values: `BorderStyle.Solid`, `BorderStyle.Dashed`, `BorderStyle.Dotted`, or `BorderStyle.None`."
58,23,0,"Style and theme","The thickness of the control's border in pixels."
58,53,0,"Style and theme","The corner radius for the top-left corner of the control."
58,54,0,"Style and theme","The corner radius for the top-right corner of the control."
58,51,0,"Style and theme","The corner radius for the bottom-left corner of the control."
58,52,0,"Style and theme","The corner radius for the bottom-right corner of the control."
58,63,0,Accessibility,"A label for screen readers to announce what the input field is for. Should describe the type of text expected (e.g., ""Customer name"" or ""Feedback comments"")."
58,100,0,Accessibility,"The language used for the input text. Inherits from app settings if not specified."
59,8,0,General,"The text string to display on the canvas. Supports any text or Power Fx formula that evaluates to a string."
59,11,0,General,"Whether the control appears or is hidden. Use a Power Fx formula to show or hide the control based on app state."
59,6,0,Behavior,"How the app responds when the user selects  the Text control. The control is accessible: OnSelect also triggers when the user presses Enter or Space while the control has keyboard focus."
59,227,0,Behavior,"Whether the text wraps to the next line when it exceeds the control width. When set to `false`, text is clipped at the control boundary."
59,40,0,"Size and position","Distance between the left edge of the control and the left edge of its parent container (screen if no parent container)."
59,41,0,"Size and position","Distance between the top edge of the control and the top edge of its parent container (screen if no parent container)."
59,44,0,"Size and position","Distance between the control's left and right edges."
59,42,0,"Size and position","Distance between the control's top and bottom edges."
59,43,0,"Size and position","Whether the control automatically increases its height when the text content exceeds the visible area. When Visible is `false`, the Height output property doesn't update as text changes."
59,18,0,"Size and position","The horizontal alignment of text within the control. Accepts `Align` enum values:"
59,20,0,"Size and position","The vertical alignment of text within the control. Accepts `VerticalAlign` enum values:"
59,12,0,"Style and theme","The name of the font family for the text."
59,15,0,"Style and theme","The font size of the text, in points. The default is 15."
59,24,0,"Style and theme","The color of the text in the control."
59,13,0,"Style and theme","The weight (thickness) of the text. Accepts `FontWeight` enum values:"
59,14,0,"Style and theme","Whether the text appears in italic style."
59,17,0,"Style and theme","Whether a line appears under the text."
59,16,0,"Style and theme","Whether a line appears through the middle of the text."
59,26,0,"Style and theme","The background fill color of the control."
59,21,0,"Style and theme","The color of the control's border."
59,22,0,"Style and theme","The style of the control's border. Accepts `BorderStyle` enum values: `BorderStyle.Solid`, `BorderStyle.Dashed`, `BorderStyle.Dotted`, or `BorderStyle.None`."
59,23,0,"Style and theme","The thickness of the control's border in pixels."
59,50,0,"Style and theme","Distance between the text and the top edge of the control."
59,47,0,"Style and theme","Distance between the text and the bottom edge of the control."
59,48,0,"Style and theme","Distance between the text and the left edge of the control."
59,49,0,"Style and theme","Distance between the text and the right edge of the control."
59,53,0,"Style and theme","The corner radius for the top-left corner of the control."
59,54,0,"Style and theme","The corner radius for the top-right corner of the control."
59,51,0,"Style and theme","The corner radius for the bottom-left corner of the control."
59,52,0,"Style and theme","The corner radius for the bottom-right corner of the control."
60,303,0,General,"The text shown next to the toggle."
60,63,0,General,"Label for screen readers."
60,11,0,General,"Whether a control appears or is hidden."
60,304,0,Behavior,"The initial value of a control before it's changed by the user."
60,3,0,Behavior,"Whether the control allows user input (Edit), only displays data (View), or is disabled (Disabled)."
60,339,0,"Size and position","The text shown next to the toggle can be placed before, after, or above the toggle."
60,40,0,"Size and position","The distance between the left edge of a control and the left edge of its parent container (screen if no parent container)."
60,41,0,"Size and position","The distance between the top edge of a control and the top edge of the parent container (screen if no parent container)."
60,44,0,"Size and position","The distance between a control's left and right edges."
60,42,0,"Size and position","The distance between a control's top and bottom edges."
60,284,0,"Style and theme","The color palette applied to a control. This impacts all surfaces of the control that render a theme color."
60,12,0,"Style and theme","The name of the family of fonts in which text appears."
60,285,0,"Style and theme","The font size of the text that appears on a control. If the value is null or zero, then the font size is driven by selected Fluent theme."
60,286,0,"Style and theme","The color of text in a control."
60,13,0,"Style and theme","The weight of the text in a control: Bold, Lighter, Normal, or Semibold."
60,287,0,"Style and theme","Whether the text in a control is italic."
60,288,0,"Style and theme","Whether a line appears under the text that appears on a control."
60,289,0,"Style and theme","Whether a line appears through the text that appears on a control."
60,117,0,"Additional properties","Actions to perform when the value of the toggle changes to true."
60,6,0,"Additional properties","Actions to perform when the user selects a control."
60,118,0,"Additional properties","Actions to perform when the value of the toggle changes to false."
62,4,1,General,"The data source that provides the list of options to display. Can be a table, collection, or list of values. Each item becomes a selectable radio button option."
62,305,1,General,"The formula that determines what text displays for each radio button option. Use `ThisItem` to reference the current item from **Items**. For example, `ThisItem.Title` or `ThisItem.OptionName`."
62,1,1,General,"The item that the control selects by default when it first loads. Must match an item from the **Items** source."
62,121,1,General,"The currently selected item (output property). Use this in formulas to reference which option the user chooses."
62,11,0,General,"Whether the control appears or is hidden. Use a Power Fx formula to show or hide the control based on app state."
62,5,0,Behavior,"How the app responds when the user selects a different radio button option. This event fires immediately every time the selection changes."
62,205,0,Behavior,"The arrangement of radio button options. Accepts `Layout` enum values: | Value | Description | |-------|-------------| | `Layout.Vertical` | Stacks options vertically (default) | | `Layout.Horizontal` | Arranges options horizontally in a row |"
62,110,0,Behavior,"Whether the user must select an option before submitting a form. When `true`, the control shows validation styling if no selection exists."
62,338,0,Behavior,"Forces the control to output its current selected value. Use this value when you need to manually trigger value updates."
62,3,0,Behavior,"Whether the control allows user input (**Edit**), only displays data (**View**), or is disabled (**Disabled**). In **View** mode, the selected option appears with a read-only appearance (not grayed out like **Disabled**)."
62,40,0,"Size and position","Distance between the left edge of the control and the left edge of its parent container (screen if no parent container)."
62,41,0,"Size and position","Distance between the top edge of the control and the top edge of its parent container (screen if no parent container)."
62,44,0,"Size and position","Distance between the control's left and right edges."
62,42,0,"Size and position","Distance between the control's top and bottom edges. The control automatically sizes to fit all radio button options."
62,50,0,"Size and position","Distance between the options and the top edge of the control."
62,47,0,"Size and position","Distance between the options and the bottom edge of the control."
62,48,0,"Size and position","Distance between the options and the left edge of the control."
62,49,0,"Size and position","Distance between the options and the right edge of the control."
62,19,0,"Size and position","The spacing between radio button options, measured in pixels or points."
62,284,0,"Style and theme","The base color that the theme uses to generate the control's color palette. Change this property to apply a different theme color to the control."
62,12,0,"Style and theme","The name of the font family in which option text appears."
62,15,0,"Style and theme","The font size of the option text, in points."
62,24,0,"Style and theme","The color of the option text in the control."
62,13,0,"Style and theme","The weight (thickness) of the option text. Accepts `FontWeight` enum values: | Value | Description | |-------|-------------| | `FontWeight.Bold` | Bold text | | `FontWeight.Semibold` | Semibold text | | `FontWeight.Normal` | Normal weight (default) | | `FontWeight.Lighter` | Lighter weight |"
62,14,0,"Style and theme","Whether the option text appears in italic style."
62,17,0,"Style and theme","Whether a line appears under the option text."
62,16,0,"Style and theme","Whether a line appears through the middle of the option text."
62,26,0,"Style and theme","The background fill color of the control."
62,33,0,"Style and theme","The color of an option's text when the user hovers the mouse over it."
62,36,0,"Style and theme","The color of an option's text when the user clicks it."
62,30,0,"Style and theme","The color of option text when the control is in **Disabled** mode."
62,340,0,"Style and theme","The size of the radio button circles in pixels."
62,341,0,"Style and theme","The background fill color of the radio button circles."
62,342,0,"Style and theme","The border color of the radio button circles."
62,343,0,"Style and theme","The fill color of the inner circle when a radio button is selected."
62,21,0,"Style and theme","The color of the control's border."
62,22,0,"Style and theme","The style of the control's border. Accepts `BorderStyle` enum values: `BorderStyle.Solid`, `BorderStyle.Dashed`, `BorderStyle.Dotted`, or `BorderStyle.None`."
62,23,0,"Style and theme","The thickness of the control's border in pixels."
62,53,0,"Style and theme","The corner radius for the top-left corner of the control."
62,54,0,"Style and theme","The corner radius for the top-right corner of the control."
62,51,0,"Style and theme","The corner radius for the bottom-left corner of the control."
62,52,0,"Style and theme","The corner radius for the bottom-right corner of the control."
62,63,0,Accessibility,"A label for screen readers to announce what the radio group represents. It should describe the category or question being answered (for example, ""Shipping method"" or ""Payment type"")."
62,100,0,Accessibility,"The language used for the option text. Inherits from app settings if not specified."
